"Label (Grouping)","ZCTA5 99761!!Total!!Estimate","ZCTA5 99761!!Total!!Margin of Error","ZCTA5 99761!!Male!!Estimate","ZCTA5 99761!!Male!!Margin of Error","ZCTA5 99761!!Female!!Estimate","ZCTA5 99761!!Female!!Margin of Error","ZCTA5 99762!!Total!!Estimate","ZCTA5 99762!!Total!!Margin of Error","ZCTA5 99762!!Male!!Estimate","ZCTA5 99762!!Male!!Margin of Error","ZCTA5 99762!!Female!!Estimate","ZCTA5 99762!!Female!!Margin of Error","ZCTA5 99763!!Total!!Estimate","ZCTA5 99763!!Total!!Margin of Error","ZCTA5 99763!!Male!!Estimate","ZCTA5 99763!!Male!!Margin of Error","ZCTA5 99763!!Female!!Estimate","ZCTA5 99763!!Female!!Margin of Error","ZCTA5 99764!!Total!!Estimate","ZCTA5 99764!!Total!!Margin of Error","ZCTA5 99764!!Male!!Estimate","ZCTA5 99764!!Male!!Margin of Error","ZCTA5 99764!!Female!!Estimate","ZCTA5 99764!!Female!!Margin of Error","ZCTA5 99765!!Total!!Estimate","ZCTA5 99765!!Total!!Margin of Error","ZCTA5 99765!!Male!!Estimate","ZCTA5 99765!!Male!!Margin of Error","ZCTA5 99765!!Female!!Estimate","ZCTA5 99765!!Female!!Margin of Error","ZCTA5 99766!!Total!!Estimate","ZCTA5 99766!!Total!!Margin of Error","ZCTA5 99766!!Male!!Estimate","ZCTA5 99766!!Male!!Margin of Error","ZCTA5 99766!!Female!!Estimate","ZCTA5 99766!!Female!!Margin of Error","ZCTA5 99767!!Total!!Estimate","ZCTA5 99767!!Total!!Margin of Error","ZCTA5 99767!!Male!!Estimate","ZCTA5 99767!!Male!!Margin of Error","ZCTA5 99767!!Female!!Estimate","ZCTA5 99767!!Female!!Margin of Error","ZCTA5 99768!!Total!!Estimate","ZCTA5 99768!!Total!!Margin of Error","ZCTA5 99768!!Male!!Estimate","ZCTA5 99768!!Male!!Margin of Error","ZCTA5 99768!!Female!!Estimate","ZCTA5 99768!!Female!!Margin of Error","ZCTA5 99769!!Total!!Estimate","ZCTA5 99769!!Total!!Margin of Error","ZCTA5 99769!!Male!!Estimate","ZCTA5 99769!!Male!!Margin of Error","ZCTA5 99769!!Female!!Estimate","ZCTA5 99769!!Female!!Margin of Error","ZCTA5 99770!!Total!!Estimate","ZCTA5 99770!!Total!!Margin of Error","ZCTA5 99770!!Male!!Estimate","ZCTA5 99770!!Male!!Margin of Error","ZCTA5 99770!!Female!!Estimate","ZCTA5 99770!!Female!!Margin of Error","ZCTA5 99771!!Total!!Estimate","ZCTA5 99771!!Total!!Margin of Error","ZCTA5 99771!!Male!!Estimate","ZCTA5 99771!!Male!!Margin of Error","ZCTA5 99771!!Female!!Estimate","ZCTA5 99771!!Female!!Margin of Error","ZCTA5 99772!!Total!!Estimate","ZCTA5 99772!!Total!!Margin of Error","ZCTA5 99772!!Male!!Estimate","ZCTA5 99772!!Male!!Margin of Error","ZCTA5 99772!!Female!!Estimate","ZCTA5 99772!!Female!!Margin of Error","ZCTA5 99773!!Total!!Estimate","ZCTA5 99773!!Total!!Margin of Error","ZCTA5 99773!!Male!!Estimate","ZCTA5 99773!!Male!!Margin of Error","ZCTA5 99773!!Female!!Estimate","ZCTA5 99773!!Female!!Margin of Error","ZCTA5 99774!!Total!!Estimate","ZCTA5 99774!!Total!!Margin of Error","ZCTA5 99774!!Male!!Estimate","ZCTA5 99774!!Male!!Margin of Error","ZCTA5 99774!!Female!!Estimate","ZCTA5 99774!!Female!!Margin of Error","ZCTA5 99775!!Total!!Estimate","ZCTA5 99775!!Total!!Margin of Error","ZCTA5 99775!!Male!!Estimate","ZCTA5 99775!!Male!!Margin of Error","ZCTA5 99775!!Female!!Estimate","ZCTA5 99775!!Female!!Margin of Error","ZCTA5 99776!!Total!!Estimate","ZCTA5 99776!!Total!!Margin of Error","ZCTA5 99776!!Male!!Estimate","ZCTA5 99776!!Male!!Margin of Error","ZCTA5 99776!!Female!!Estimate","ZCTA5 99776!!Female!!Margin of Error","ZCTA5 99777!!Total!!Estimate","ZCTA5 99777!!Total!!Margin of Error","ZCTA5 99777!!Male!!Estimate","ZCTA5 99777!!Male!!Margin of Error","ZCTA5 99777!!Female!!Estimate","ZCTA5 99777!!Female!!Margin of Error","ZCTA5 99778!!Total!!Estimate","ZCTA5 99778!!Total!!Margin of Error","ZCTA5 99778!!Male!!Estimate","ZCTA5 99778!!Male!!Margin of Error","ZCTA5 99778!!Female!!Estimate","ZCTA5 99778!!Female!!Margin of Error","ZCTA5 99780!!Total!!Estimate","ZCTA5 99780!!Total!!Margin of Error","ZCTA5 99780!!Male!!Estimate","ZCTA5 99780!!Male!!Margin of Error","ZCTA5 99780!!Female!!Estimate","ZCTA5 99780!!Female!!Margin of Error","ZCTA5 99781!!Total!!Estimate","ZCTA5 99781!!Total!!Margin of Error","ZCTA5 99781!!Male!!Estimate","ZCTA5 99781!!Male!!Margin of Error","ZCTA5 99781!!Female!!Estimate","ZCTA5 99781!!Female!!Margin of Error","ZCTA5 99782!!Total!!Estimate","ZCTA5 99782!!Total!!Margin of Error","ZCTA5 99782!!Male!!Estimate","ZCTA5 99782!!Male!!Margin of Error","ZCTA5 99782!!Female!!Estimate","ZCTA5 99782!!Female!!Margin of Error","ZCTA5 99783!!Total!!Estimate","ZCTA5 99783!!Total!!Margin of Error","ZCTA5 99783!!Male!!Estimate","ZCTA5 99783!!Male!!Margin of Error","ZCTA5 99783!!Female!!Estimate","ZCTA5 99783!!Female!!Margin of Error","ZCTA5 99784!!Total!!Estimate","ZCTA5 99784!!Total!!Margin of Error","ZCTA5 99784!!Male!!Estimate","ZCTA5 99784!!Male!!Margin of Error","ZCTA5 99784!!Female!!Estimate","ZCTA5 99784!!Female!!Margin of Error","ZCTA5 99785!!Total!!Estimate","ZCTA5 99785!!Total!!Margin of Error","ZCTA5 99785!!Male!!Estimate","ZCTA5 99785!!Male!!Margin of Error","ZCTA5 99785!!Female!!Estimate","ZCTA5 99785!!Female!!Margin of Error","ZCTA5 99786!!Total!!Estimate","ZCTA5 99786!!Total!!Margin of Error","ZCTA5 99786!!Male!!Estimate","ZCTA5 99786!!Male!!Margin of Error","ZCTA5 99786!!Female!!Estimate","ZCTA5 99786!!Female!!Margin of Error","ZCTA5 99788!!Total!!Estimate","ZCTA5 99788!!Total!!Margin of Error","ZCTA5 99788!!Male!!Estimate","ZCTA5 99788!!Male!!Margin of Error","ZCTA5 99788!!Female!!Estimate","ZCTA5 99788!!Female!!Margin of Error","ZCTA5 99789!!Total!!Estimate","ZCTA5 99789!!Total!!Margin of Error","ZCTA5 99789!!Male!!Estimate","ZCTA5 99789!!Male!!Margin of Error","ZCTA5 99789!!Female!!Estimate","ZCTA5 99789!!Female!!Margin of Error","ZCTA5 99790!!Total!!Estimate","ZCTA5 99790!!Total!!Margin of Error","ZCTA5 99790!!Male!!Estimate","ZCTA5 99790!!Male!!Margin of Error","ZCTA5 99790!!Female!!Estimate","ZCTA5 99790!!Female!!Margin of Error","ZCTA5 99791!!Total!!Estimate","ZCTA5 99791!!Total!!Margin of Error","ZCTA5 99791!!Male!!Estimate","ZCTA5 99791!!Male!!Margin of Error","ZCTA5 99791!!Female!!Estimate","ZCTA5 99791!!Female!!Margin of Error","ZCTA5 99801!!Total!!Estimate","ZCTA5 99801!!Total!!Margin of Error","ZCTA5 99801!!Male!!Estimate","ZCTA5 99801!!Male!!Margin of Error","ZCTA5 99801!!Female!!Estimate","ZCTA5 99801!!Female!!Margin of Error","ZCTA5 99820!!Total!!Estimate","ZCTA5 99820!!Total!!Margin of Error","ZCTA5 99820!!Male!!Estimate","ZCTA5 99820!!Male!!Margin of Error","ZCTA5 99820!!Female!!Estimate","ZCTA5 99820!!Female!!Margin of Error","ZCTA5 99824!!Total!!Estimate","ZCTA5 99824!!Total!!Margin of Error","ZCTA5 99824!!Male!!Estimate","ZCTA5 99824!!Male!!Margin of Error","ZCTA5 99824!!Female!!Estimate","ZCTA5 99824!!Female!!Margin of Error","ZCTA5 99825!!Total!!Estimate","ZCTA5 99825!!Total!!Margin of Error","ZCTA5 99825!!Male!!Estimate","ZCTA5 99825!!Male!!Margin of Error","ZCTA5 99825!!Female!!Estimate","ZCTA5 99825!!Female!!Margin of Error","ZCTA5 99826!!Total!!Estimate","ZCTA5 99826!!Total!!Margin of Error","ZCTA5 99826!!Male!!Estimate","ZCTA5 99826!!Male!!Margin of Error","ZCTA5 99826!!Female!!Estimate","ZCTA5 99826!!Female!!Margin of Error","ZCTA5 99827!!Total!!Estimate","ZCTA5 99827!!Total!!Margin of Error","ZCTA5 99827!!Male!!Estimate","ZCTA5 99827!!Male!!Margin of Error","ZCTA5 99827!!Female!!Estimate","ZCTA5 99827!!Female!!Margin of Error","ZCTA5 99829!!Total!!Estimate","ZCTA5 99829!!Total!!Margin of Error","ZCTA5 99829!!Male!!Estimate","ZCTA5 99829!!Male!!Margin of Error","ZCTA5 99829!!Female!!Estimate","ZCTA5 99829!!Female!!Margin of Error","ZCTA5 99830!!Total!!Estimate","ZCTA5 99830!!Total!!Margin of Error","ZCTA5 99830!!Male!!Estimate","ZCTA5 99830!!Male!!Margin of Error","ZCTA5 99830!!Female!!Estimate","ZCTA5 99830!!Female!!Margin of Error","ZCTA5 99832!!Total!!Estimate","ZCTA5 99832!!Total!!Margin of Error","ZCTA5 99832!!Male!!Estimate","ZCTA5 99832!!Male!!Margin of Error","ZCTA5 99832!!Female!!Estimate","ZCTA5 99832!!Female!!Margin of Error","ZCTA5 99833!!Total!!Estimate","ZCTA5 99833!!Total!!Margin of Error","ZCTA5 99833!!Male!!Estimate","ZCTA5 99833!!Male!!Margin of Error","ZCTA5 99833!!Female!!Estimate","ZCTA5 99833!!Female!!Margin of Error","ZCTA5 99835!!Total!!Estimate","ZCTA5 99835!!Total!!Margin of Error","ZCTA5 99835!!Male!!Estimate","ZCTA5 99835!!Male!!Margin of Error","ZCTA5 99835!!Female!!Estimate","ZCTA5 99835!!Female!!Margin of Error","ZCTA5 99836!!Total!!Estimate","ZCTA5 99836!!Total!!Margin of Error","ZCTA5 99836!!Male!!Estimate","ZCTA5 99836!!Male!!Margin of Error","ZCTA5 99836!!Female!!Estimate","ZCTA5 99836!!Female!!Margin of Error","ZCTA5 99840!!Total!!Estimate","ZCTA5 99840!!Total!!Margin of Error","ZCTA5 99840!!Male!!Estimate","ZCTA5 99840!!Male!!Margin of Error","ZCTA5 99840!!Female!!Estimate","ZCTA5 99840!!Female!!Margin of Error","ZCTA5 99841!!Total!!Estimate","ZCTA5 99841!!Total!!Margin of Error","ZCTA5 99841!!Male!!Estimate","ZCTA5 99841!!Male!!Margin of Error","ZCTA5 99841!!Female!!Estimate","ZCTA5 99841!!Female!!Margin of Error","ZCTA5 99901!!Total!!Estimate","ZCTA5 99901!!Total!!Margin of Error","ZCTA5 99901!!Male!!Estimate","ZCTA5 99901!!Male!!Margin of Error","ZCTA5 99901!!Female!!Estimate","ZCTA5 99901!!Female!!Margin of Error","ZCTA5 99903!!Total!!Estimate","ZCTA5 99903!!Total!!Margin of Error","ZCTA5 99903!!Male!!Estimate","ZCTA5 99903!!Male!!Margin of Error","ZCTA5 99903!!Female!!Estimate","ZCTA5 99903!!Female!!Margin of Error","ZCTA5 99918!!Total!!Estimate","ZCTA5 99918!!Total!!Margin of Error","ZCTA5 99918!!Male!!Estimate","ZCTA5 99918!!Male!!Margin of Error","ZCTA5 99918!!Female!!Estimate","ZCTA5 99918!!Female!!Margin of Error","ZCTA5 99919!!Total!!Estimate","ZCTA5 99919!!Total!!Margin of Error","ZCTA5 99919!!Male!!Estimate","ZCTA5 99919!!Male!!Margin of Error","ZCTA5 99919!!Female!!Estimate","ZCTA5 99919!!Female!!Margin of Error","ZCTA5 99921!!Total!!Estimate","ZCTA5 99921!!Total!!Margin of Error","ZCTA5 99921!!Male!!Estimate","ZCTA5 99921!!Male!!Margin of Error","ZCTA5 99921!!Female!!Estimate","ZCTA5 99921!!Female!!Margin of Error","ZCTA5 99922!!Total!!Estimate","ZCTA5 99922!!Total!!Margin of Error","ZCTA5 99922!!Male!!Estimate","ZCTA5 99922!!Male!!Margin of Error","ZCTA5 99922!!Female!!Estimate","ZCTA5 99922!!Female!!Margin of Error","ZCTA5 99923!!Total!!Estimate","ZCTA5 99923!!Total!!Margin of Error","ZCTA5 99923!!Male!!Estimate","ZCTA5 99923!!Male!!Margin of Error","ZCTA5 99923!!Female!!Estimate","ZCTA5 99923!!Female!!Margin of Error","ZCTA5 99925!!Total!!Estimate","ZCTA5 99925!!Total!!Margin of Error","ZCTA5 99925!!Male!!Estimate","ZCTA5 99925!!Male!!Margin of Error","ZCTA5 99925!!Female!!Estimate","ZCTA5 99925!!Female!!Margin of Error","ZCTA5 99926!!Total!!Estimate","ZCTA5 99926!!Total!!Margin of Error","ZCTA5 99926!!Male!!Estimate","ZCTA5 99926!!Male!!Margin of Error","ZCTA5 99926!!Female!!Estimate","ZCTA5 99926!!Female!!Margin of Error","ZCTA5 99927!!Total!!Estimate","ZCTA5 99927!!Total!!Margin of Error","ZCTA5 99927!!Male!!Estimate","ZCTA5 99927!!Male!!Margin of Error","ZCTA5 99927!!Female!!Estimate","ZCTA5 99927!!Female!!Margin of Error","ZCTA5 99929!!Total!!Estimate","ZCTA5 99929!!Total!!Margin of Error","ZCTA5 99929!!Male!!Estimate","ZCTA5 99929!!Male!!Margin of Error","ZCTA5 99929!!Female!!Estimate","ZCTA5 99929!!Female!!Margin of Error"
"Total population","452","±66","252","±45","200","±32","4,084","±97","2,140","±95","1,944","±87","598","±71","342","±49","256","±35","305","±84","166","±50","139","±45","272","±46","147","±25","125","±28","628","±144","331","±85","297","±68","15","±12","8","±7","7","±6","208","±41","109","±25","99","±21","872","±75","436","±48","436","±45","754","±91","381","±51","373","±50","212","±38","120","±26","92","±22","699","±92","383","±54","316","±48","308","±58","159","±33","149","±29","69","±39","39","±24","30","±17","1,179","±285","646","±147","533","±165","154","±54","86","±33","68","±30","248","±50","137","±33","111","±26","227","±53","148","±50","79","±20","1,724","±215","880","±123","844","±123","171","±47","101","±34","70","±23","482","±107","262","±68","220","±49","165","±38","97","±24","68","±20","148","±30","91","±17","57","±17","439","±48","226","±27","213","±28","329","±71","164","±45","165","±34","85","±25","45","±15","40","±16","371","±100","180","±61","191","±49","20","±15","13","±12","7","±5","219","±60","116","±35","103","±31","29,855","±200","15,361","±148","14,494","±168","425","±103","260","±98","165","±33","2,328","±199","1,207","±135","1,121","±114","109","±62","55","±36","54","±30","529","±100","288","±61","241","±55","2,623","±22","1,435","±84","1,188","±83","818","±94","395","±51","423","±59","592","±95","326","±55","266","±54","62","±37","33","±18","29","±23","3,212","*****","1,665","±87","1,547","±87","8,957","*****","4,568","±71","4,389","±71","30","±23","15","±15","15","±11","996","±140","506","±71","490","±87","117","±48","62","±28","55","±26","13,694","±16","7,104","±77","6,590","±76","29","±31","18","±20","11","±12","141","±54","92","±34","49","±26","603","±126","347","±80","256","±60","2,123","±153","1,142","±101","981","±77","356","±77","193","±44","163","±45","12","±11","0","±9","12","±11","728","±95","398","±58","330","±61","1,622","±119","862","±73","760","±68","131","±55","70","±32","61","±30","2,354","±31","1,189","±62","1,165","±63"
"AGE","","","","","","","","","","","","","","","","","","","","","","","","","","","","","","","","","","","","","","","","","","","","","","","","","","","","","","","","","","","","","","","","","","","","","","","","","","","","","","","","","","","","","","","","","","","","","","","","","","","","","","","","","","","","","","","","","","","","","","","","","","","","","","","","","","","","","","","","","","","","","","","","","","","","","","","","","","","","","","","","","","","","","","","","","","","","","","","","","","","","","","","","","","","","","","","","","","","","","","","","","","","","","","","","","","","","","","","","","","","","","","","","","","","","","","","","","","","","","","","","","","","","","","","","","","","","","","","","","","","","","","","","","","","","","","","","","","","","","","","","","","","","","","","","","","","","","","","","","","","","","","","","","","","","","","","","","","","","","","","","","","","",""
"    Under 5 years","11.5%","±2.3","12.7%","±3.7","10.0%","±3.1","9.4%","±1.2","9.3%","±1.8","9.5%","±1.6","11.7%","±2.6","11.7%","±2.8","11.7%","±4.5","8.2%","±4.2","10.8%","±6.4","5.0%","±5.2","10.3%","±3.4","8.8%","±4.0","12.0%","±4.7","15.4%","±3.3","9.4%","±3.0","22.2%","±5.2","0.0%","±60.1","0.0%","±82.3","0.0%","±87.9","10.1%","±4.8","7.3%","±4.4","13.1%","±7.3","13.8%","±2.2","13.5%","±2.8","14.0%","±3.4","11.0%","±1.8","11.8%","±2.8","10.2%","±2.4","9.9%","±4.7","11.7%","±6.8","7.6%","±5.7","13.2%","±2.5","11.5%","±2.6","15.2%","±3.8","15.3%","±3.6","18.2%","±6.4","12.1%","±5.6","21.7%","±10.2","17.9%","±7.5","26.7%","±15.6","0.0%","±1.7","0.0%","±3.0","0.0%","±3.7","3.9%","±4.0","5.8%","±6.1","1.5%","±3.7","5.6%","±3.0","7.3%","±4.4","3.6%","±3.4","5.3%","±2.9","6.1%","±3.2","3.8%","±4.9","7.2%","±2.0","4.5%","±2.2","10.0%","±3.2","8.8%","±6.2","5.9%","±7.6","12.9%","±6.3","11.0%","±2.5","8.0%","±2.6","14.5%","±4.5","17.0%","±5.2","15.5%","±6.0","19.1%","±7.3","12.2%","±4.4","13.2%","±6.3","10.5%","±6.7","18.5%","±2.5","21.7%","±4.0","15.0%","±3.2","12.2%","±3.7","12.8%","±5.3","11.5%","±4.1","11.8%","±7.6","15.6%","±8.4","7.5%","±10.6","12.1%","±3.7","8.3%","±4.4","15.7%","±5.0","0.0%","±52.0","0.0%","±64.5","0.0%","±87.9","16.0%","±4.7","11.2%","±5.5","21.4%","±6.8","6.0%","±0.2","6.0%","±0.4","6.0%","±0.4","6.4%","±3.7","6.2%","±4.5","6.7%","±4.4","7.6%","±2.2","8.9%","±3.3","6.2%","±2.5","13.8%","±7.0","27.3%","±14.4","0.0%","±30.0","0.0%","±3.7","0.0%","±6.7","0.0%","±8.0","2.6%","±1.1","3.4%","±1.9","1.5%","±0.8","8.6%","±3.7","5.1%","±3.1","11.8%","±5.4","10.3%","±4.7","8.0%","±4.7","13.2%","±6.1","0.0%","±27.0","0.0%","±40.5","0.0%","±43.2","7.1%","±1.5","7.4%","±2.0","6.7%","±2.0","6.5%","±0.2","7.0%","±1.0","6.1%","±1.1","0.0%","±42.5","0.0%","±60.1","0.0%","±60.1","9.5%","±3.1","9.5%","±3.6","9.6%","±4.0","0.0%","±15.7","0.0%","±27.0","0.0%","±29.6","6.3%","±0.2","6.0%","±0.5","6.7%","±0.3","0.0%","±43.2","0.0%","±54.8","0.0%","±70.1","0.0%","±13.2","0.0%","±19.4","0.0%","±32.2","6.1%","±3.1","6.6%","±4.0","5.5%","±5.0","5.7%","±1.3","3.9%","±1.6","7.7%","±1.8","2.2%","±2.4","2.6%","±3.6","1.8%","±3.6","0.0%","±67.2","-","**","0.0%","±67.2","7.8%","±2.6","7.3%","±3.1","8.5%","±3.9","10.1%","±1.6","11.1%","±2.0","8.9%","±2.9","0.0%","±14.1","0.0%","±24.5","0.0%","±27.3","2.9%","±1.0","2.4%","±1.4","3.4%","±1.3"
"    5 to 9 years","9.7%","±2.7","12.7%","±3.8","6.0%","±3.2","8.1%","±1.0","8.1%","±1.8","8.1%","±1.4","10.2%","±2.0","11.4%","±3.0","8.6%","±2.8","8.2%","±3.9","6.0%","±6.0","10.8%","±5.8","2.9%","±2.8","2.7%","±3.1","3.2%","±3.9","11.6%","±2.2","10.0%","±2.7","13.5%","±3.3","0.0%","±60.1","0.0%","±82.3","0.0%","±87.9","9.1%","±4.1","13.8%","±6.5","4.0%","±3.6","9.1%","±1.5","8.5%","±2.2","9.6%","±2.1","13.9%","±2.3","13.9%","±3.3","13.9%","±3.2","8.5%","±2.8","5.0%","±4.2","13.0%","±5.9","13.9%","±2.3","17.5%","±4.2","9.5%","±2.7","14.0%","±3.5","10.1%","±4.1","18.1%","±6.8","30.4%","±12.3","35.9%","±14.6","23.3%","±11.7","0.0%","±1.7","0.0%","±3.0","0.0%","±3.7","3.2%","±4.1","3.5%","±5.2","2.9%","±6.4","8.9%","±4.1","10.2%","±6.8","7.2%","±4.3","7.0%","±3.2","10.1%","±5.3","1.3%","±2.8","7.8%","±2.5","5.8%","±2.7","9.8%","±3.6","7.6%","±5.1","5.9%","±6.5","10.0%","±6.7","8.9%","±2.0","8.0%","±3.4","10.0%","±4.8","8.5%","±4.5","11.3%","±8.7","4.4%","±5.4","7.4%","±6.6","9.9%","±7.5","3.5%","±6.4","10.5%","±2.4","7.1%","±2.3","14.1%","±4.9","11.6%","±3.5","13.4%","±6.6","9.7%","±4.0","12.9%","±6.6","20.0%","±8.5","5.0%","±11.7","7.8%","±2.1","7.2%","±4.0","8.4%","±3.9","0.0%","±52.0","0.0%","±64.5","0.0%","±87.9","5.9%","±2.7","6.9%","±4.1","4.9%","±5.2","6.4%","±0.7","6.3%","±1.0","6.4%","±0.9","5.9%","±3.3","5.4%","±4.5","6.7%","±4.2","9.5%","±2.7","9.9%","±3.2","9.0%","±3.9","13.8%","±14.6","10.9%","±12.0","16.7%","±18.4","9.3%","±4.1","7.6%","±4.5","11.2%","±7.3","4.3%","±1.7","6.7%","±2.9","1.3%","±1.0","5.9%","±2.0","3.8%","±1.9","7.8%","±3.4","6.4%","±2.5","8.9%","±3.4","3.4%","±3.1","6.5%","±8.4","0.0%","±40.5","13.8%","±19.0","3.8%","±1.0","3.1%","±0.9","4.5%","±1.8","5.6%","±0.8","5.7%","±1.3","5.5%","±1.1","0.0%","±42.5","0.0%","±60.1","0.0%","±60.1","5.0%","±2.2","3.2%","±1.7","6.9%","±4.2","0.0%","±15.7","0.0%","±27.0","0.0%","±29.6","7.1%","±0.7","7.2%","±1.1","7.0%","±1.0","0.0%","±43.2","0.0%","±54.8","0.0%","±70.1","0.0%","±13.2","0.0%","±19.4","0.0%","±32.2","5.3%","±3.8","8.1%","±6.3","1.6%","±1.0","6.4%","±1.2","5.5%","±1.5","7.4%","±1.9","7.9%","±7.4","5.2%","±5.4","11.0%","±10.0","0.0%","±67.2","-","**","0.0%","±67.2","4.3%","±2.0","4.3%","±2.1","4.2%","±3.4","8.5%","±1.8","9.9%","±2.9","7.0%","±2.4","0.0%","±14.1","0.0%","±24.5","0.0%","±27.3","4.0%","±1.1","4.9%","±1.9","3.2%","±1.1"
"    10 to 14 years","7.3%","±2.3","4.8%","±2.4","10.5%","±3.7","6.8%","±1.6","5.8%","±1.7","7.9%","±2.1","9.2%","±2.3","8.8%","±2.7","9.8%","±5.1","6.2%","±3.5","4.2%","±4.2","8.6%","±6.1","6.3%","±2.4","7.5%","±3.5","4.8%","±2.9","7.3%","±2.0","6.0%","±2.3","8.8%","±2.9","0.0%","±60.1","0.0%","±82.3","0.0%","±87.9","6.3%","±3.0","6.4%","±5.2","6.1%","±4.7","10.6%","±1.7","10.8%","±2.6","10.3%","±2.3","11.0%","±2.0","6.8%","±2.5","15.3%","±3.1","6.6%","±2.5","8.3%","±3.5","4.3%","±5.9","12.0%","±1.8","9.7%","±2.6","14.9%","±3.0","7.1%","±2.0","9.4%","±3.5","4.7%","±2.8","2.9%","±4.4","0.0%","±37.2","6.7%","±9.8","0.0%","±1.7","0.0%","±3.0","0.0%","±3.7","13.0%","±8.6","3.5%","±5.3","25.0%","±16.5","8.1%","±4.1","7.3%","±5.1","9.0%","±6.7","8.8%","±4.3","6.1%","±4.0","13.9%","±7.4","7.9%","±2.5","7.8%","±2.9","7.9%","±3.3","8.8%","±6.4","9.9%","±6.1","7.1%","±8.1","9.5%","±2.2","7.6%","±2.6","11.8%","±3.6","2.4%","±2.6","4.1%","±4.3","0.0%","±25.1","10.8%","±4.6","6.6%","±4.2","17.5%","±8.3","8.9%","±3.2","8.0%","±4.3","9.9%","±4.0","10.0%","±3.3","9.1%","±4.0","10.9%","±4.9","15.3%","±9.3","11.1%","±8.1","20.0%","±18.0","8.1%","±3.2","3.9%","±2.4","12.0%","±5.5","0.0%","±52.0","0.0%","±64.5","0.0%","±87.9","6.4%","±2.6","6.0%","±4.6","6.8%","±4.7","6.0%","±0.7","5.9%","±1.1","6.0%","±1.0","3.5%","±2.5","1.9%","±1.9","6.1%","±4.4","4.7%","±1.6","4.7%","±2.4","4.6%","±2.5","3.7%","±3.8","0.0%","±29.6","7.4%","±7.3","0.9%","±1.4","0.0%","±6.7","2.1%","±3.0","9.0%","±3.6","6.6%","±3.6","11.8%","±5.7","4.4%","±2.2","3.3%","±2.4","5.4%","±3.3","5.9%","±2.3","5.8%","±3.1","6.0%","±3.7","8.1%","±8.9","15.2%","±16.5","0.0%","±43.2","5.4%","±1.3","4.6%","±1.4","6.3%","±1.9","7.2%","±0.8","7.4%","±1.4","6.9%","±1.1","20.0%","±13.2","26.7%","±23.9","13.3%","±14.5","3.4%","±2.1","1.8%","±1.2","5.1%","±4.0","4.3%","±6.1","0.0%","±27.0","9.1%","±12.7","5.8%","±0.7","5.7%","±0.9","5.9%","±0.9","0.0%","±43.2","0.0%","±54.8","0.0%","±70.1","7.8%","±7.6","6.5%","±9.3","10.2%","±13.0","6.5%","±3.5","7.8%","±5.0","4.7%","±4.8","8.0%","±1.6","7.3%","±2.2","8.8%","±2.0","7.6%","±4.3","9.8%","±6.0","4.9%","±4.4","0.0%","±67.2","-","**","0.0%","±67.2","6.9%","±2.3","8.8%","±3.7","4.5%","±2.8","7.2%","±1.3","4.2%","±1.6","10.5%","±2.6","0.0%","±14.1","0.0%","±24.5","0.0%","±27.3","5.8%","±1.6","6.9%","±2.8","4.7%","±1.9"
"    15 to 19 years","10.6%","±2.8","11.1%","±3.8","10.0%","±3.4","8.4%","±1.5","8.2%","±1.7","8.6%","±2.2","8.2%","±2.0","7.3%","±2.8","9.4%","±3.4","11.1%","±5.9","15.7%","±10.7","5.8%","±4.4","8.1%","±3.3","10.2%","±5.5","5.6%","±5.3","6.5%","±2.2","6.9%","±3.0","6.1%","±3.7","0.0%","±60.1","0.0%","±82.3","0.0%","±87.9","7.7%","±3.5","0.0%","±16.7","16.2%","±7.2","10.3%","±1.8","8.7%","±2.5","11.9%","±2.6","7.8%","±1.7","7.9%","±2.4","7.8%","±2.5","7.1%","±3.4","8.3%","±4.2","5.4%","±5.0","6.7%","±1.9","8.4%","±2.8","4.7%","±1.9","7.1%","±3.3","6.9%","±4.0","7.4%","±4.9","0.0%","±24.8","0.0%","±37.2","0.0%","±42.5","34.5%","±11.7","33.9%","±12.4","35.3%","±13.3","7.1%","±5.4","9.3%","±9.8","4.4%","±6.2","9.7%","±5.5","5.8%","±5.7","14.4%","±7.4","11.0%","±4.4","8.8%","±4.9","15.2%","±8.5","7.2%","±2.9","7.6%","±3.9","6.8%","±3.1","13.5%","±8.3","21.8%","±11.9","1.4%","±5.1","6.4%","±2.4","5.7%","±3.0","7.3%","±3.7","2.4%","±2.6","2.1%","±4.1","2.9%","±4.2","3.4%","±2.8","2.2%","±3.3","5.3%","±6.1","6.8%","±2.1","7.1%","±3.7","6.6%","±3.2","7.9%","±4.0","8.5%","±6.0","7.3%","±3.7","4.7%","±5.2","0.0%","±34.1","10.0%","±10.6","9.7%","±3.7","11.1%","±5.6","8.4%","±4.2","0.0%","±52.0","0.0%","±64.5","0.0%","±87.9","10.0%","±5.1","15.5%","±8.0","3.9%","±4.3","7.0%","±0.6","7.5%","±0.7","6.4%","±0.9","6.6%","±2.9","8.1%","±4.9","4.2%","±2.8","3.1%","±1.2","4.1%","±1.9","2.1%","±1.2","0.0%","±16.7","0.0%","±29.6","0.0%","±30.0","0.0%","±3.7","0.0%","±6.7","0.0%","±8.0","7.1%","±2.9","6.3%","±2.9","8.1%","±4.1","5.7%","±2.0","5.6%","±2.3","5.9%","±2.8","6.8%","±2.8","5.8%","±3.2","7.9%","±4.2","3.2%","±4.9","6.1%","±9.0","0.0%","±43.2","6.9%","±1.9","7.2%","±3.0","6.5%","±2.4","6.1%","±0.9","5.8%","±1.0","6.4%","±1.4","16.7%","±13.3","13.3%","±17.0","20.0%","±15.2","2.0%","±1.1","1.0%","±0.9","3.1%","±1.9","7.7%","±8.1","9.7%","±12.8","5.5%","±9.8","6.3%","±0.3","6.7%","±0.3","5.9%","±0.7","17.2%","±23.9","27.8%","±35.2","0.0%","±70.1","1.4%","±2.1","2.2%","±3.2","0.0%","±32.2","8.0%","±3.9","10.1%","±4.6","5.1%","±4.4","7.7%","±1.3","8.1%","±1.8","7.2%","±1.7","9.0%","±3.4","13.0%","±5.1","4.3%","±3.9","0.0%","±67.2","-","**","0.0%","±67.2","3.7%","±1.4","3.3%","±2.7","4.2%","±2.3","6.6%","±1.5","6.0%","±1.9","7.2%","±2.1","0.0%","±14.1","0.0%","±24.5","0.0%","±27.3","5.0%","±1.5","5.5%","±2.5","4.5%","±1.6"
"    20 to 24 years","8.6%","±2.6","8.3%","±3.5","9.0%","±3.7","6.8%","±1.3","6.4%","±1.7","7.2%","±1.9","12.4%","±2.5","11.1%","±3.4","14.1%","±3.5","4.9%","±3.6","1.8%","±2.7","8.6%","±6.0","9.9%","±3.5","10.9%","±5.6","8.8%","±3.8","9.2%","±2.7","13.3%","±4.3","4.7%","±2.4","0.0%","±60.1","0.0%","±82.3","0.0%","±87.9","6.7%","±3.0","8.3%","±5.8","5.1%","±3.8","10.3%","±2.2","9.2%","±2.4","11.5%","±2.9","8.6%","±2.4","10.2%","±3.4","7.0%","±2.7","9.9%","±5.0","11.7%","±6.5","7.6%","±5.5","7.9%","±2.2","8.6%","±2.4","7.0%","±3.4","8.1%","±2.7","8.8%","±4.2","7.4%","±3.6","4.3%","±5.9","0.0%","±37.2","10.0%","±12.4","41.9%","±12.3","46.7%","±13.4","36.0%","±14.5","9.1%","±9.1","2.3%","±4.0","17.6%","±19.6","4.0%","±3.4","5.8%","±4.2","1.8%","±3.6","14.5%","±9.1","15.5%","±13.1","12.7%","±13.5","6.4%","±2.1","5.7%","±2.9","7.1%","±3.1","3.5%","±3.7","3.0%","±4.4","4.3%","±4.9","8.9%","±2.6","11.1%","±3.7","6.4%","±3.1","16.4%","±6.9","9.3%","±5.1","26.5%","±13.3","9.5%","±4.9","13.2%","±9.0","3.5%","±7.3","13.9%","±3.5","15.0%","±4.5","12.7%","±4.2","7.3%","±3.3","5.5%","±4.0","9.1%","±4.7","2.4%","±3.9","2.2%","±5.5","2.5%","±5.0","14.0%","±4.6","16.1%","±7.6","12.0%","±4.6","0.0%","±52.0","0.0%","±64.5","0.0%","±87.9","7.3%","±3.7","2.6%","±2.2","12.6%","±6.3","6.5%","±0.4","6.1%","±0.6","7.0%","±0.6","7.1%","±3.1","4.6%","±3.0","10.9%","±6.0","5.9%","±1.9","6.0%","±2.6","5.7%","±2.5","0.0%","±16.7","0.0%","±29.6","0.0%","±30.0","4.3%","±3.4","3.5%","±3.8","5.4%","±4.7","3.5%","±2.3","5.8%","±4.1","0.8%","±0.8","4.9%","±2.3","6.6%","±3.6","3.3%","±2.4","3.4%","±2.4","4.9%","±4.0","1.5%","±1.7","1.6%","±3.3","3.0%","±6.4","0.0%","±43.2","6.2%","±2.7","6.6%","±3.7","5.8%","±2.6","5.7%","±1.1","5.8%","±1.3","5.5%","±1.9","0.0%","±42.5","0.0%","±60.1","0.0%","±60.1","6.6%","±4.3","6.3%","±6.4","6.9%","±5.9","0.0%","±15.7","0.0%","±27.0","0.0%","±29.6","6.8%","±0.5","7.7%","±0.7","5.7%","±0.7","0.0%","±43.2","0.0%","±54.8","0.0%","±70.1","0.0%","±13.2","0.0%","±19.4","0.0%","±32.2","2.5%","±2.5","0.9%","±1.6","4.7%","±4.1","6.3%","±1.9","8.4%","±3.4","3.8%","±1.2","6.2%","±3.3","2.1%","±2.6","11.0%","±6.6","0.0%","±67.2","-","**","0.0%","±67.2","7.6%","±2.7","4.0%","±2.8","11.8%","±4.9","5.6%","±1.4","5.5%","±2.4","5.8%","±1.5","0.0%","±14.1","0.0%","±24.5","0.0%","±27.3","3.3%","±1.5","2.9%","±2.6","3.8%","±1.6"
"    25 to 29 years","7.1%","±2.3","2.8%","±2.3","12.5%","±4.4","8.3%","±1.5","8.1%","±2.0","8.5%","±2.0","6.7%","±2.8","6.4%","±3.2","7.0%","±3.8","10.2%","±9.6","4.8%","±5.9","16.5%","±17.0","9.2%","±3.6","6.1%","±3.8","12.8%","±5.6","10.0%","±4.3","10.6%","±5.7","9.4%","±5.0","0.0%","±60.1","0.0%","±82.3","0.0%","±87.9","10.6%","±4.4","10.1%","±6.1","11.1%","±6.6","9.1%","±1.7","7.1%","±2.2","11.0%","±2.7","9.9%","±2.1","10.8%","±2.7","9.1%","±3.0","9.9%","±4.4","11.7%","±6.4","7.6%","±4.5","5.2%","±1.7","5.7%","±2.3","4.4%","±2.8","9.4%","±3.1","9.4%","±4.3","9.4%","±3.6","5.8%","±3.1","0.0%","±37.2","13.3%","±7.8","9.8%","±7.3","6.0%","±6.1","14.4%","±13.8","5.2%","±4.8","5.8%","±7.5","4.4%","±6.1","5.6%","±3.9","5.8%","±4.1","5.4%","±5.4","8.8%","±5.8","12.8%","±8.5","1.3%","±3.3","4.0%","±2.2","4.9%","±3.4","3.1%","±2.4","4.1%","±3.9","0.0%","±17.9","10.0%","±8.7","9.1%","±2.6","11.1%","±3.7","6.8%","±3.6","11.5%","±6.0","13.4%","±7.0","8.8%","±7.2","4.7%","±7.2","3.3%","±7.7","7.0%","±9.2","8.7%","±2.1","8.4%","±2.9","8.9%","±2.8","4.6%","±3.1","4.3%","±3.0","4.8%","±4.8","4.7%","±4.8","8.9%","±8.8","0.0%","±36.7","6.7%","±3.0","10.0%","±4.5","3.7%","±2.9","0.0%","±52.0","0.0%","±64.5","0.0%","±87.9","8.7%","±3.9","12.1%","±6.6","4.9%","±4.9","7.4%","±0.4","7.6%","±0.6","7.2%","±0.4","9.9%","±6.6","10.4%","±9.8","9.1%","±5.1","10.0%","±2.7","9.6%","±3.2","10.3%","±3.2","4.6%","±4.7","0.0%","±29.6","9.3%","±8.9","2.1%","±1.9","1.4%","±2.0","2.9%","±3.4","8.2%","±3.2","9.0%","±4.2","7.2%","±4.1","7.2%","±2.7","6.8%","±4.1","7.6%","±4.3","4.7%","±2.0","2.5%","±1.9","7.5%","±3.5","0.0%","±27.0","0.0%","±40.5","0.0%","±43.2","5.5%","±1.3","5.9%","±1.8","5.1%","±2.0","7.0%","±0.7","6.7%","±1.1","7.3%","±0.7","0.0%","±42.5","0.0%","±60.1","0.0%","±60.1","5.1%","±2.1","4.2%","±2.3","6.1%","±3.2","0.0%","±15.7","0.0%","±27.0","0.0%","±29.6","6.9%","±0.3","6.9%","±0.5","6.9%","±0.4","0.0%","±43.2","0.0%","±54.8","0.0%","±70.1","0.0%","±13.2","0.0%","±19.4","0.0%","±32.2","8.6%","±2.9","4.3%","±3.4","14.5%","±5.1","6.3%","±1.4","7.2%","±1.7","5.2%","±1.8","5.3%","±3.5","6.2%","±4.7","4.3%","±4.4","0.0%","±67.2","-","**","0.0%","±67.2","4.8%","±2.1","6.8%","±2.9","2.4%","±2.2","6.7%","±1.8","5.9%","±2.6","7.6%","±2.1","0.0%","±14.1","0.0%","±24.5","0.0%","±27.3","4.2%","±1.9","5.7%","±3.3","2.7%","±1.4"
"    30 to 34 years","4.2%","±1.9","7.1%","±3.2","0.5%","±1.5","8.0%","±0.8","7.6%","±1.1","8.4%","±1.0","4.8%","±2.0","6.4%","±2.7","2.7%","±2.4","10.5%","±6.4","18.7%","±11.0","0.7%","±2.3","7.0%","±3.5","10.9%","±6.0","2.4%","±2.2","5.4%","±2.0","7.6%","±3.8","3.0%","±1.7","0.0%","±60.1","0.0%","±82.3","0.0%","±87.9","6.7%","±3.6","5.5%","±4.5","8.1%","±5.0","5.5%","±1.2","7.1%","±2.6","3.9%","±1.8","6.6%","±1.6","7.1%","±2.4","6.2%","±2.1","4.2%","±2.4","0.0%","±15.3","9.8%","±4.8","4.9%","±1.9","5.0%","±2.5","4.7%","±2.1","6.5%","±3.1","5.0%","±3.3","8.1%","±5.0","10.1%","±7.2","17.9%","±10.3","0.0%","±42.5","1.3%","±1.2","2.3%","±2.1","0.0%","±3.7","11.0%","±11.7","19.8%","±19.0","0.0%","±25.1","4.8%","±2.9","4.4%","±3.2","5.4%","±3.7","14.1%","±19.3","18.2%","±28.6","6.3%","±4.5","5.7%","±2.4","5.7%","±2.9","5.7%","±3.6","11.1%","±5.7","14.9%","±9.0","5.7%","±4.8","6.6%","±2.5","8.8%","±4.1","4.1%","±2.3","7.3%","±4.9","6.2%","±6.5","8.8%","±6.8","3.4%","±3.1","4.4%","±4.7","1.8%","±4.6","6.6%","±2.3","8.0%","±3.3","5.2%","±2.9","9.1%","±4.2","8.5%","±3.9","9.7%","±7.1","2.4%","±3.4","0.0%","±34.1","5.0%","±7.6","5.1%","±4.4","7.8%","±8.1","2.6%","±2.4","0.0%","±52.0","0.0%","±64.5","0.0%","±87.9","7.3%","±3.6","10.3%","±6.2","3.9%","±3.4","6.9%","±0.5","6.5%","±0.6","7.3%","±0.6","6.1%","±7.3","9.2%","±10.5","1.2%","±1.4","9.5%","±2.8","8.5%","±2.8","10.6%","±4.3","6.4%","±6.3","0.0%","±29.6","13.0%","±13.5","7.2%","±4.7","7.6%","±5.5","6.6%","±5.0","6.9%","±2.8","5.2%","±3.0","8.9%","±4.2","6.2%","±2.4","5.3%","±3.1","7.1%","±3.5","5.2%","±2.6","7.4%","±3.3","2.6%","±3.0","11.3%","±9.2","6.1%","±8.0","17.2%","±19.9","6.8%","±2.1","8.6%","±2.7","4.8%","±1.8","7.2%","±0.5","7.5%","±0.5","7.0%","±0.9","10.0%","±12.3","0.0%","±60.1","20.0%","±32.5","7.6%","±3.0","9.9%","±4.9","5.3%","±2.5","4.3%","±6.5","8.1%","±11.4","0.0%","±29.6","6.7%","±0.3","6.6%","±0.5","6.8%","±0.5","0.0%","±43.2","0.0%","±54.8","0.0%","±70.1","13.5%","±10.7","12.0%","±11.6","16.3%","±14.6","3.0%","±2.0","3.7%","±2.9","2.0%","±2.9","5.7%","±1.4","4.1%","±1.7","7.4%","±1.7","8.1%","±3.2","11.9%","±5.5","3.7%","±3.8","0.0%","±67.2","-","**","0.0%","±67.2","5.5%","±2.3","5.5%","±2.8","5.5%","±3.1","6.3%","±1.5","5.5%","±1.8","7.2%","±2.0","0.0%","±14.1","0.0%","±24.5","0.0%","±27.3","2.6%","±0.8","1.9%","±0.9","3.3%","±1.1"
"    35 to 39 years","2.7%","±1.6","3.6%","±2.5","1.5%","±1.5","6.0%","±1.2","7.4%","±1.9","4.5%","±1.4","3.2%","±1.6","2.6%","±2.0","3.9%","±2.3","1.6%","±2.3","1.8%","±2.6","1.4%","±2.4","6.6%","±4.8","4.8%","±3.4","8.8%","±7.9","3.7%","±1.5","4.2%","±2.0","3.0%","±2.0","0.0%","±60.1","0.0%","±82.3","0.0%","±87.9","1.4%","±1.7","2.8%","±3.2","0.0%","±18.2","3.7%","±1.3","3.9%","±1.9","3.4%","±1.7","4.9%","±1.4","6.0%","±2.5","3.8%","±1.7","5.2%","±3.4","2.5%","±4.0","8.7%","±5.3","6.6%","±2.8","6.0%","±2.6","7.3%","±4.2","5.2%","±3.0","6.3%","±4.3","4.0%","±3.3","0.0%","±24.8","0.0%","±37.2","0.0%","±42.5","3.5%","±5.0","6.3%","±9.7","0.0%","±3.7","8.4%","±7.3","12.8%","±13.2","2.9%","±4.5","3.2%","±2.3","0.0%","±13.6","7.2%","±5.8","5.3%","±3.8","2.7%","±3.8","10.1%","±6.2","4.6%","±2.1","5.6%","±3.0","3.7%","±2.1","5.8%","±4.4","4.0%","±4.3","8.6%","±8.8","3.5%","±1.7","4.2%","±2.4","2.7%","±1.7","0.0%","±11.4","0.0%","±18.5","0.0%","±25.1","5.4%","±3.2","5.5%","±3.9","5.3%","±6.2","3.2%","±1.6","1.8%","±1.7","4.7%","±2.6","4.3%","±2.9","2.4%","±3.6","6.1%","±3.7","14.1%","±7.1","22.2%","±10.2","5.0%","±13.1","3.8%","±1.6","2.8%","±2.4","4.7%","±3.2","0.0%","±52.0","0.0%","±64.5","0.0%","±87.9","5.0%","±2.6","5.2%","±4.6","4.9%","±4.3","6.7%","±0.8","6.1%","±1.1","7.3%","±1.0","4.7%","±4.0","2.3%","±2.9","8.5%","±6.9","7.4%","±2.1","8.0%","±3.1","6.7%","±2.2","6.4%","±6.6","12.7%","±12.4","0.0%","±30.0","2.8%","±2.8","2.4%","±2.6","3.3%","±3.9","3.0%","±1.9","1.8%","±1.6","4.5%","±3.8","4.2%","±1.5","3.3%","±2.6","5.0%","±2.8","7.4%","±2.9","8.9%","±3.7","5.6%","±2.9","9.7%","±8.9","18.2%","±16.3","0.0%","±43.2","5.8%","±2.2","7.1%","±3.7","4.3%","±1.4","6.9%","±1.0","7.9%","±1.7","5.8%","±1.0","10.0%","±10.1","0.0%","±60.1","20.0%","±16.2","8.5%","±3.5","7.5%","±3.7","9.6%","±4.0","0.0%","±15.7","0.0%","±27.0","0.0%","±29.6","5.3%","±0.7","5.6%","±0.9","5.0%","±0.9","0.0%","±43.2","0.0%","±54.8","0.0%","±70.1","0.0%","±13.2","0.0%","±19.4","0.0%","±32.2","5.6%","±4.6","4.3%","±4.4","7.4%","±6.3","6.2%","±1.7","4.2%","±1.5","8.6%","±2.6","4.5%","±3.7","4.1%","±5.4","4.9%","±5.2","0.0%","±67.2","-","**","0.0%","±67.2","7.6%","±2.1","9.0%","±3.8","5.8%","±2.9","5.4%","±1.6","6.7%","±2.6","3.8%","±1.7","0.0%","±14.1","0.0%","±24.5","0.0%","±27.3","3.6%","±1.2","3.6%","±1.7","3.6%","±1.6"
"    40 to 44 years","8.2%","±2.5","8.3%","±3.9","8.0%","±2.9","6.7%","±1.9","6.0%","±3.3","7.5%","±1.5","6.2%","±2.2","6.7%","±3.6","5.5%","±2.8","4.3%","±2.2","2.4%","±2.5","6.5%","±3.9","2.9%","±2.3","2.7%","±3.3","3.2%","±2.8","3.3%","±1.5","3.0%","±2.0","3.7%","±2.4","0.0%","±60.1","0.0%","±82.3","0.0%","±87.9","6.3%","±2.8","0.9%","±2.0","12.1%","±6.0","4.7%","±1.3","3.0%","±1.6","6.4%","±2.1","2.7%","±1.1","1.6%","±1.0","3.8%","±2.0","1.9%","±2.6","2.5%","±3.4","1.1%","±3.5","5.7%","±1.7","3.7%","±1.6","8.2%","±3.2","2.9%","±1.9","2.5%","±2.7","3.4%","±2.4","2.9%","±4.3","5.1%","±7.5","0.0%","±42.5","0.7%","±1.0","1.2%","±1.8","0.0%","±3.7","3.9%","±4.4","4.7%","±6.0","2.9%","±6.0","4.8%","±3.2","4.4%","±4.6","5.4%","±4.1","4.4%","±3.2","2.7%","±3.1","7.6%","±7.2","5.3%","±2.2","5.2%","±2.5","5.5%","±2.7","5.8%","±5.2","5.0%","±5.3","7.1%","±6.7","5.0%","±2.2","6.1%","±3.3","3.6%","±2.3","3.0%","±3.5","5.2%","±5.9","0.0%","±25.1","3.4%","±3.8","2.2%","±5.2","5.3%","±4.7","2.7%","±1.9","1.3%","±1.5","4.2%","±3.2","4.3%","±2.4","5.5%","±4.3","3.0%","±2.2","8.2%","±5.5","4.4%","±7.2","12.5%","±6.6","3.2%","±2.0","2.8%","±2.4","3.7%","±2.8","15.0%","±24.8","0.0%","±64.5","42.9%","±57.1","5.9%","±3.8","7.8%","±4.9","3.9%","±3.8","6.8%","±0.8","7.5%","±0.9","6.1%","±1.0","3.3%","±2.8","2.7%","±2.9","4.2%","±4.2","6.4%","±1.7","6.3%","±2.3","6.6%","±2.2","0.0%","±16.7","0.0%","±29.6","0.0%","±30.0","9.3%","±5.8","4.5%","±4.6","14.9%","±9.0","9.8%","±3.7","9.3%","±4.2","10.4%","±5.0","4.0%","±1.5","5.6%","±2.4","2.6%","±1.8","12.3%","±5.0","11.7%","±5.1","13.2%","±6.3","0.0%","±27.0","0.0%","±40.5","0.0%","±43.2","7.8%","±1.9","6.0%","±2.0","9.7%","±2.8","6.7%","±1.0","6.3%","±1.6","7.1%","±1.2","13.3%","±15.2","26.7%","±22.1","0.0%","±60.1","6.1%","±2.0","6.3%","±2.3","5.9%","±2.7","13.7%","±8.9","8.1%","±11.0","20.0%","±17.2","6.7%","±0.8","6.0%","±1.1","7.4%","±1.2","0.0%","±43.2","0.0%","±54.8","0.0%","±70.1","2.1%","±3.2","3.3%","±4.9","0.0%","±32.2","7.1%","±4.3","9.2%","±5.1","4.3%","±5.0","6.6%","±1.6","5.9%","±1.9","7.4%","±2.1","2.5%","±2.5","1.6%","±2.4","3.7%","±4.1","0.0%","±67.2","-","**","0.0%","±67.2","3.8%","±1.6","4.0%","±2.0","3.6%","±2.4","4.2%","±1.3","4.6%","±1.9","3.7%","±1.8","20.6%","±25.3","18.6%","±22.9","23.0%","±29.4","3.6%","±1.3","4.2%","±1.9","2.9%","±2.1"
"    45 to 49 years","6.2%","±2.2","5.6%","±2.7","7.0%","±3.4","6.4%","±0.8","6.2%","±1.0","6.6%","±1.0","6.0%","±1.6","5.0%","±1.9","7.4%","±2.9","6.6%","±5.0","6.6%","±6.4","6.5%","±7.5","7.7%","±3.7","10.9%","±5.7","4.0%","±3.2","5.9%","±2.0","7.3%","±3.4","4.4%","±2.7","0.0%","±60.1","0.0%","±82.3","0.0%","±87.9","3.8%","±2.2","4.6%","±2.8","3.0%","±4.3","4.6%","±1.5","6.0%","±2.1","3.2%","±2.1","6.0%","±1.5","7.6%","±2.2","4.3%","±1.8","4.2%","±4.2","5.8%","±5.4","2.2%","±5.2","4.7%","±1.7","5.2%","±2.5","4.1%","±1.8","5.2%","±2.1","5.0%","±3.6","5.4%","±3.3","4.3%","±8.3","7.7%","±13.7","0.0%","±42.5","0.0%","±1.7","0.0%","±3.0","0.0%","±3.7","1.9%","±3.6","0.0%","±20.6","4.4%","±7.7","7.3%","±3.5","5.8%","±4.8","9.0%","±6.3","4.4%","±2.9","3.4%","±3.5","6.3%","±6.2","7.2%","±2.6","5.1%","±2.9","9.4%","±3.6","2.9%","±2.7","5.0%","±4.8","0.0%","±24.5","8.1%","±3.1","8.0%","±4.6","8.2%","±4.2","4.8%","±3.9","8.2%","±6.5","0.0%","±25.1","7.4%","±4.9","4.4%","±4.4","12.3%","±8.3","5.2%","±2.3","5.3%","±2.9","5.2%","±3.0","5.8%","±2.5","8.5%","±4.4","3.0%","±2.7","5.9%","±6.8","4.4%","±6.0","7.5%","±12.9","10.2%","±3.8","10.6%","±7.0","9.9%","±5.3","35.0%","±39.2","53.8%","±53.8","0.0%","±87.9","5.5%","±3.7","4.3%","±3.4","6.8%","±6.9","7.6%","±0.3","7.7%","±0.4","7.4%","±0.3","10.1%","±7.3","11.2%","±9.7","8.5%","±6.2","6.5%","±1.9","6.9%","±2.3","6.2%","±2.8","6.4%","±10.8","12.7%","±20.0","0.0%","±30.0","14.0%","±8.5","13.9%","±8.3","14.1%","±11.1","5.7%","±2.8","5.9%","±2.9","5.6%","±3.6","5.4%","±2.2","6.1%","±3.3","4.7%","±2.8","8.3%","±2.8","7.4%","±3.8","9.4%","±3.7","11.3%","±12.0","6.1%","±12.1","17.2%","±19.8","6.8%","±1.6","8.7%","±2.4","4.7%","±1.7","6.5%","±0.5","6.8%","±0.9","6.3%","±0.4","6.7%","±10.6","13.3%","±23.7","0.0%","±60.1","5.7%","±2.2","7.1%","±3.2","4.3%","±1.9","7.7%","±7.4","8.1%","±11.7","7.3%","±9.7","7.7%","±0.5","7.8%","±0.7","7.5%","±0.4","0.0%","±43.2","0.0%","±54.8","0.0%","±70.1","12.8%","±8.3","13.0%","±9.8","12.2%","±16.3","7.1%","±3.6","6.1%","±5.1","8.6%","±5.1","6.9%","±1.1","7.6%","±1.8","6.1%","±1.8","11.2%","±5.0","9.8%","±5.6","12.9%","±7.2","0.0%","±67.2","-","**","0.0%","±67.2","7.3%","±2.8","5.3%","±3.0","9.7%","±4.2","8.0%","±1.5","9.6%","±1.6","6.1%","±2.2","8.4%","±11.2","15.7%","±21.9","0.0%","±27.3","8.8%","±2.4","6.4%","±2.6","11.2%","±3.5"
"    50 to 54 years","6.6%","±2.0","5.6%","±3.1","8.0%","±3.5","7.5%","±1.4","8.4%","±1.6","6.5%","±1.6","4.5%","±1.7","4.7%","±2.2","4.3%","±2.0","3.6%","±2.4","5.4%","±3.9","1.4%","±2.3","7.7%","±2.9","5.4%","±4.7","10.4%","±4.2","6.1%","±1.9","6.3%","±2.8","5.7%","±2.1","33.3%","±15.5","0.0%","±82.3","71.4%","±38.6","3.4%","±2.0","3.7%","±3.0","3.0%","±3.3","3.8%","±1.2","3.9%","±1.6","3.7%","±1.6","5.3%","±1.7","6.0%","±2.5","4.6%","±2.3","8.5%","±5.5","8.3%","±6.4","8.7%","±7.4","4.9%","±1.6","4.4%","±1.8","5.4%","±2.2","4.5%","±3.0","5.0%","±3.3","4.0%","±4.6","2.9%","±6.1","0.0%","±37.2","6.7%","±14.6","0.0%","±1.7","0.0%","±3.0","0.0%","±3.7","5.8%","±3.9","5.8%","±5.5","5.9%","±7.4","10.5%","±4.7","12.4%","±7.5","8.1%","±5.3","5.3%","±3.4","5.4%","±4.1","5.1%","±4.4","10.4%","±2.9","11.6%","±4.0","9.2%","±3.5","5.3%","±3.7","4.0%","±5.1","7.1%","±6.0","5.6%","±2.7","5.0%","±4.0","6.4%","±3.4","9.1%","±5.3","7.2%","±5.8","11.8%","±8.1","12.8%","±6.3","14.3%","±8.0","10.5%","±7.9","4.1%","±1.9","4.0%","±2.4","4.2%","±2.8","4.6%","±2.0","3.7%","±2.5","5.5%","±3.4","2.4%","±3.3","2.2%","±4.8","2.5%","±5.5","4.3%","±3.5","6.7%","±6.8","2.1%","±1.8","0.0%","±52.0","0.0%","±64.5","0.0%","±87.9","3.2%","±2.2","3.4%","±3.1","2.9%","±2.9","8.7%","±0.2","9.1%","±0.3","8.4%","±0.3","6.8%","±3.6","5.8%","±4.7","8.5%","±7.1","6.6%","±1.7","4.2%","±1.7","9.1%","±3.2","7.3%","±8.1","0.0%","±29.6","14.8%","±16.7","11.9%","±8.0","18.1%","±12.7","4.6%","±4.1","8.8%","±2.8","9.8%","±3.7","7.6%","±3.9","9.3%","±2.2","7.1%","±2.7","11.3%","±3.7","9.6%","±5.0","8.9%","±5.3","10.5%","±5.9","4.8%","±8.0","9.1%","±14.9","0.0%","±43.2","9.5%","±2.0","7.3%","±1.9","11.8%","±3.3","8.0%","±0.4","7.6%","±0.6","8.4%","±0.4","6.7%","±9.3","0.0%","±60.1","13.3%","±18.5","11.9%","±8.0","14.8%","±17.6","9.0%","±4.9","16.2%","±9.5","21.0%","±14.2","10.9%","±14.5","8.1%","±0.2","8.0%","±0.3","8.3%","±0.4","0.0%","±43.2","0.0%","±54.8","0.0%","±70.1","21.3%","±12.2","25.0%","±17.1","14.3%","±15.6","7.0%","±3.4","5.5%","±4.3","9.0%","±4.6","9.7%","±1.6","10.2%","±2.2","9.1%","±2.2","6.5%","±3.6","5.2%","±4.3","8.0%","±5.1","0.0%","±67.2","-","**","0.0%","±67.2","8.4%","±2.4","10.1%","±4.2","6.4%","±3.6","7.4%","±1.4","6.3%","±1.6","8.7%","±2.4","7.6%","±9.9","0.0%","±24.5","16.4%","±21.5","7.5%","±2.3","6.7%","±3.3","8.2%","±2.5"
"    55 to 59 years","5.5%","±2.0","6.7%","±3.4","4.0%","±2.7","4.8%","±1.3","5.1%","±1.8","4.5%","±1.6","6.5%","±2.6","8.5%","±3.5","3.9%","±2.3","9.2%","±5.1","1.8%","±2.5","18.0%","±11.7","4.0%","±2.5","6.8%","±3.8","0.8%","±1.8","5.7%","±2.6","5.1%","±3.4","6.4%","±3.2","53.3%","±16.9","100.0%","±82.2","0.0%","±87.9","12.5%","±3.4","15.6%","±5.6","9.1%","±5.0","3.6%","±1.3","5.7%","±2.1","1.4%","±1.3","4.9%","±1.7","3.9%","±2.3","5.9%","±2.6","9.9%","±4.1","10.0%","±5.4","9.8%","±6.2","4.1%","±1.6","3.1%","±2.1","5.4%","±2.3","6.2%","±3.3","8.2%","±5.2","4.0%","±2.7","0.0%","±24.8","0.0%","±37.2","0.0%","±42.5","6.4%","±7.1","0.0%","±3.0","14.3%","±14.5","5.2%","±6.1","1.2%","±2.4","10.3%","±11.2","7.3%","±4.3","9.5%","±6.5","4.5%","±3.5","1.8%","±1.8","2.0%","±2.2","1.3%","±3.9","8.5%","±2.5","10.3%","±3.8","6.5%","±3.3","13.5%","±6.6","12.9%","±7.4","14.3%","±11.7","5.4%","±2.1","6.1%","±3.1","4.5%","±2.8","7.9%","±4.8","5.2%","±5.6","11.8%","±8.6","9.5%","±4.5","7.7%","±6.5","12.3%","±8.2","7.5%","±2.7","8.4%","±3.7","6.6%","±3.1","6.7%","±2.9","9.8%","±5.9","3.6%","±2.8","2.4%","±3.7","0.0%","±34.1","5.0%","±7.7","4.9%","±2.5","3.9%","±3.6","5.8%","±3.4","0.0%","±52.0","0.0%","±64.5","0.0%","±87.9","5.5%","±3.8","4.3%","±5.2","6.8%","±6.3","8.3%","±0.7","9.3%","±1.0","7.2%","±0.9","10.4%","±5.1","11.5%","±8.6","8.5%","±5.7","7.3%","±1.6","8.1%","±2.3","6.3%","±2.2","11.9%","±11.4","23.6%","±23.5","0.0%","±30.0","13.4%","±5.0","12.5%","±6.2","14.5%","±7.1","10.0%","±3.6","10.1%","±4.0","9.9%","±4.9","9.8%","±2.9","12.2%","±4.0","7.6%","±3.5","4.7%","±2.7","6.7%","±3.8","2.3%","±2.2","6.5%","±5.9","0.0%","±40.5","13.8%","±14.7","8.5%","±1.6","9.7%","±2.4","7.3%","±1.9","7.4%","±1.1","6.2%","±1.6","8.7%","±1.4","0.0%","±42.5","0.0%","±60.1","0.0%","±60.1","15.9%","±7.1","14.4%","±5.9","17.3%","±16.5","13.7%","±11.2","11.3%","±12.3","16.4%","±16.7","8.4%","±0.9","8.3%","±1.0","8.5%","±1.3","0.0%","±43.2","0.0%","±54.8","0.0%","±70.1","18.4%","±14.9","14.1%","±13.5","26.5%","±23.7","13.3%","±5.5","9.5%","±4.7","18.4%","±9.3","9.6%","±1.9","10.5%","±2.4","8.5%","±2.4","14.0%","±6.2","12.4%","±6.9","16.0%","±7.5","41.7%","±58.3","-","**","41.7%","±58.3","7.8%","±2.8","8.0%","±3.2","7.6%","±3.3","8.4%","±2.6","8.7%","±3.4","8.0%","±3.1","23.7%","±20.4","15.7%","±19.7","32.8%","±24.4","13.7%","±2.8","12.0%","±3.4","15.4%","±4.3"
"    60 to 64 years","1.8%","±1.2","1.6%","±1.7","2.0%","±1.8","5.6%","±1.4","6.4%","±1.8","4.7%","±1.8","2.8%","±1.4","2.6%","±1.7","3.1%","±1.8","4.3%","±3.5","6.6%","±6.4","1.4%","±3.6","5.9%","±2.2","4.8%","±3.2","7.2%","±4.1","3.8%","±1.8","5.7%","±3.2","1.7%","±1.4","0.0%","±60.1","0.0%","±82.3","0.0%","±87.9","6.7%","±3.2","11.9%","±7.2","1.0%","±2.5","2.5%","±1.2","3.4%","±2.1","1.6%","±1.2","2.1%","±0.9","2.9%","±1.8","1.3%","±1.2","6.1%","±3.3","7.5%","±4.0","4.3%","±4.8","4.4%","±1.5","4.4%","±1.7","4.4%","±2.0","2.6%","±2.1","0.6%","±1.8","4.7%","±4.9","2.9%","±3.9","5.1%","±6.5","0.0%","±42.5","1.9%","±3.0","3.4%","±5.4","0.0%","±3.7","9.1%","±5.8","5.8%","±6.2","13.2%","±13.8","11.7%","±5.5","14.6%","±8.4","8.1%","±5.2","3.5%","±4.0","2.7%","±3.0","5.1%","±7.2","6.7%","±2.7","5.8%","±3.0","7.6%","±3.6","1.8%","±2.8","2.0%","±3.0","1.4%","±3.8","2.5%","±1.2","2.7%","±1.7","2.3%","±1.8","2.4%","±3.2","4.1%","±5.4","0.0%","±25.1","6.1%","±4.9","7.7%","±7.1","3.5%","±5.1","2.1%","±1.1","2.2%","±1.8","1.9%","±1.9","3.0%","±2.2","3.0%","±2.6","3.0%","±3.9","2.4%","±3.7","0.0%","±34.1","5.0%","±7.9","4.0%","±2.0","4.4%","±3.2","3.7%","±3.4","20.0%","±23.6","0.0%","±64.5","57.1%","±57.1","2.7%","±3.1","4.3%","±6.1","1.0%","±2.0","6.4%","±0.7","5.9%","±1.0","7.0%","±0.9","5.6%","±2.8","6.2%","±4.2","4.8%","±2.9","5.8%","±1.4","3.7%","±1.7","8.0%","±2.3","9.2%","±8.5","0.0%","±29.6","18.5%","±16.0","13.0%","±5.9","13.2%","±7.6","12.9%","±8.3","7.6%","±2.7","7.0%","±3.3","8.3%","±3.6","9.3%","±2.6","11.6%","±4.1","7.1%","±2.9","4.4%","±2.2","3.7%","±2.5","5.3%","±3.5","11.3%","±11.0","18.2%","±16.5","3.4%","±7.9","8.6%","±2.6","7.4%","±2.6","9.8%","±3.2","7.1%","±1.2","8.4%","±1.6","5.7%","±1.4","3.3%","±9.1","6.7%","±16.4","0.0%","±60.1","4.5%","±1.4","5.1%","±1.8","3.9%","±1.7","13.7%","±9.9","0.0%","±27.0","29.1%","±22.1","7.1%","±1.1","7.3%","±1.5","6.9%","±1.2","58.6%","±9.5","72.2%","±35.2","36.4%","±52.1","8.5%","±10.5","13.0%","±15.4","0.0%","±32.2","8.0%","±3.7","12.1%","±6.2","2.3%","±2.0","6.9%","±1.9","7.3%","±2.2","6.5%","±2.4","2.0%","±2.4","1.6%","±3.0","2.5%","±2.8","0.0%","±67.2","-","**","0.0%","±67.2","9.6%","±3.8","8.5%","±3.6","10.9%","±5.1","5.6%","±1.7","5.1%","±2.9","6.2%","±2.2","22.1%","±15.1","41.4%","±22.8","0.0%","±27.3","9.9%","±2.9","11.1%","±4.3","8.8%","±3.3"
"    65 to 69 years","3.1%","±2.0","2.8%","±2.3","3.5%","±2.8","3.6%","±1.1","2.7%","±1.0","4.6%","±1.7","1.2%","±1.0","1.8%","±1.8","0.4%","±0.9","2.3%","±1.7","0.6%","±1.2","4.3%","±3.5","4.4%","±2.2","1.4%","±1.6","8.0%","±4.2","1.9%","±1.3","2.1%","±1.9","1.7%","±1.5","13.3%","±21.4","0.0%","±82.3","28.6%","±38.6","4.3%","±2.7","3.7%","±3.0","5.1%","±4.5","2.1%","±1.1","2.3%","±1.7","1.8%","±1.2","1.6%","±0.9","2.4%","±1.4","0.8%","±0.9","2.8%","±2.3","2.5%","±2.8","3.3%","±3.0","3.7%","±2.9","3.1%","±2.9","4.4%","±3.2","2.9%","±2.1","3.1%","±2.6","2.7%","±2.5","2.9%","±5.2","5.1%","±9.7","0.0%","±42.5","0.0%","±1.7","0.0%","±3.0","0.0%","±3.7","10.4%","±7.8","17.4%","±12.3","1.5%","±5.4","2.4%","±2.3","2.2%","±3.0","2.7%","±3.4","2.6%","±2.3","3.4%","±2.6","1.3%","±3.2","3.4%","±1.9","4.8%","±3.5","2.0%","±1.4","2.3%","±2.1","2.0%","±2.6","2.9%","±3.9","3.1%","±1.6","3.1%","±2.0","3.2%","±2.2","3.6%","±2.6","6.2%","±4.4","0.0%","±25.1","0.7%","±1.9","1.1%","±3.1","0.0%","±28.8","0.0%","±4.4","0.0%","±8.5","0.0%","±9.0","2.1%","±1.4","1.2%","±1.5","3.0%","±2.4","1.2%","±4.3","0.0%","±34.1","2.5%","±8.8","1.9%","±1.6","2.8%","±2.8","1.0%","±1.6","30.0%","±31.2","46.2%","±53.8","0.0%","±87.9","3.2%","±2.6","3.4%","±4.2","2.9%","±2.7","3.7%","±0.4","4.0%","±0.5","3.4%","±0.6","6.6%","±4.0","6.2%","±5.0","7.3%","±5.0","3.0%","±1.2","3.5%","±1.9","2.6%","±1.3","5.5%","±9.1","0.0%","±29.6","11.1%","±17.8","5.5%","±4.3","9.0%","±7.8","1.2%","±1.8","7.5%","±3.3","8.6%","±4.5","6.3%","±3.0","7.1%","±2.2","8.6%","±3.5","5.7%","±2.4","2.2%","±1.6","1.2%","±1.3","3.4%","±2.6","3.2%","±5.6","6.1%","±10.2","0.0%","±43.2","5.3%","±1.8","5.2%","±2.0","5.4%","±2.4","4.4%","±0.8","4.4%","±1.2","4.4%","±0.9","6.7%","±7.7","0.0%","±60.1","13.3%","±15.8","4.2%","±3.7","6.5%","±6.7","1.8%","±1.3","10.3%","±8.5","19.4%","±16.5","0.0%","±29.6","4.0%","±0.6","3.6%","±0.7","4.4%","±0.8","24.1%","±22.2","0.0%","±54.8","63.6%","±52.1","3.5%","±5.3","5.4%","±7.8","0.0%","±32.2","6.0%","±3.4","5.5%","±4.2","6.6%","±4.1","5.5%","±1.4","6.7%","±1.8","4.1%","±1.6","2.2%","±2.3","4.1%","±4.1","0.0%","±11.5","0.0%","±67.2","-","**","0.0%","±67.2","5.4%","±2.0","3.0%","±1.9","8.2%","±3.4","4.1%","±1.5","4.1%","±1.7","4.2%","±2.3","17.6%","±18.6","8.6%","±12.1","27.9%","±28.3","5.0%","±2.0","6.0%","±2.4","4.0%","±2.3"
"    70 to 74 years","2.2%","±1.3","2.8%","±1.7","1.5%","±1.6","1.6%","±0.7","1.9%","±1.1","1.2%","±0.8","1.7%","±1.3","2.0%","±1.4","1.2%","±2.3","3.0%","±2.2","3.0%","±2.6","2.9%","±3.0","0.7%","±1.1","1.4%","±2.0","0.0%","±14.7","1.8%","±1.0","0.9%","±0.8","2.7%","±1.9","0.0%","±60.1","0.0%","±82.3","0.0%","±87.9","1.4%","±1.5","2.8%","±2.8","0.0%","±18.2","3.7%","±1.3","5.0%","±2.0","2.3%","±1.5","0.7%","±0.7","0.3%","±0.9","1.1%","±1.1","3.8%","±3.1","4.2%","±3.9","3.3%","±3.9","1.1%","±0.8","2.1%","±1.5","0.0%","±6.1","0.6%","±0.9","1.3%","±1.8","0.0%","±12.5","0.0%","±24.8","0.0%","±37.2","0.0%","±42.5","0.0%","±1.7","0.0%","±3.0","0.0%","±3.7","2.6%","±3.1","2.3%","±5.5","2.9%","±4.4","2.4%","±2.7","3.6%","±3.9","0.9%","±2.1","0.9%","±1.3","0.0%","±12.6","2.5%","±3.6","5.3%","±2.5","7.2%","±4.3","3.4%","±2.0","2.9%","±2.9","4.0%","±3.3","1.4%","±5.0","3.5%","±1.8","2.3%","±2.5","5.0%","±3.2","1.2%","±1.7","2.1%","±2.9","0.0%","±25.1","1.4%","±1.8","2.2%","±2.9","0.0%","±28.8","0.5%","±0.6","0.9%","±1.2","0.0%","±9.0","0.9%","±1.1","0.0%","±11.5","1.8%","±2.2","5.9%","±6.1","6.7%","±8.3","5.0%","±7.6","2.2%","±1.3","1.1%","±1.4","3.1%","±2.4","0.0%","±52.0","0.0%","±64.5","0.0%","±87.9","1.8%","±2.3","1.7%","±2.3","1.9%","±4.3","2.5%","±0.5","2.0%","±0.6","2.9%","±0.6","4.0%","±2.4","5.0%","±3.7","2.4%","±2.8","2.7%","±1.4","2.0%","±1.2","3.4%","±1.8","11.0%","±15.5","12.7%","±18.4","9.3%","±13.1","4.2%","±2.9","2.4%","±2.5","6.2%","±5.5","2.1%","±1.4","0.8%","±1.0","3.7%","±2.7","3.4%","±2.2","4.6%","±3.2","2.4%","±1.9","3.7%","±2.0","3.4%","±2.7","4.1%","±2.4","8.1%","±7.8","12.1%","±11.6","3.4%","±6.6","2.0%","±0.6","2.2%","±0.8","1.8%","±0.8","2.8%","±0.7","2.7%","±1.1","2.9%","±0.7","6.7%","±9.8","13.3%","±20.0","0.0%","±60.1","1.5%","±0.9","1.0%","±0.8","2.0%","±1.3","2.6%","±3.5","3.2%","±3.9","1.8%","±4.1","2.9%","±0.5","3.3%","±0.6","2.5%","±0.7","0.0%","±43.2","0.0%","±54.8","0.0%","±70.1","3.5%","±5.1","0.0%","±19.4","10.2%","±15.0","2.5%","±2.1","3.7%","±3.6","0.8%","±1.3","1.4%","±0.6","1.5%","±0.9","1.2%","±0.6","3.9%","±2.5","3.6%","±3.3","4.3%","±4.0","0.0%","±67.2","-","**","0.0%","±67.2","3.2%","±1.7","4.5%","±2.9","1.5%","±1.3","3.5%","±1.1","4.9%","±1.7","1.8%","±1.4","0.0%","±14.1","0.0%","±24.5","0.0%","±27.3","8.8%","±3.2","7.8%","±3.9","9.7%","±3.5"
"    75 to 79 years","1.5%","±1.2","1.2%","±1.3","2.0%","±2.0","1.1%","±0.6","1.7%","±1.0","0.5%","±0.5","2.0%","±1.3","0.3%","±0.7","4.3%","±2.5","2.3%","±2.2","4.2%","±4.1","0.0%","±13.4","1.8%","±2.1","0.0%","±12.7","4.0%","±4.4","0.8%","±0.9","0.9%","±1.3","0.7%","±1.0","0.0%","±60.1","0.0%","±82.3","0.0%","±87.9","1.9%","±2.5","2.8%","±2.8","1.0%","±3.6","2.3%","±1.0","1.8%","±1.9","2.8%","±1.6","0.5%","±0.4","0.0%","±5.1","1.1%","±0.8","0.5%","±1.2","0.0%","±15.3","1.1%","±2.7","0.1%","±0.3","0.0%","±5.1","0.3%","±0.7","1.6%","±1.7","0.0%","±11.8","3.4%","±3.4","2.9%","±4.2","5.1%","±7.8","0.0%","±42.5","0.0%","±1.7","0.0%","±3.0","0.0%","±3.7","0.0%","±12.2","0.0%","±20.6","0.0%","±25.1","2.0%","±2.0","0.0%","±13.6","4.5%","±4.6","0.0%","±8.4","0.0%","±12.6","0.0%","±22.1","1.6%","±1.3","1.7%","±1.5","1.4%","±1.6","1.2%","±1.4","0.0%","±17.9","2.9%","±3.4","1.5%","±1.4","1.9%","±1.6","0.9%","±1.8","0.0%","±11.4","0.0%","±18.5","0.0%","±25.1","2.0%","±2.2","2.2%","±2.8","1.8%","±4.5","0.5%","±0.8","0.0%","±8.5","0.9%","±1.6","3.3%","±2.3","3.7%","±2.8","3.0%","±3.2","0.0%","±20.8","0.0%","±34.1","0.0%","±36.7","1.1%","±1.4","0.0%","±10.5","2.1%","±2.5","0.0%","±52.0","0.0%","±64.5","0.0%","±87.9","5.0%","±5.1","0.0%","±15.8","10.7%","±10.4","1.2%","±0.3","1.3%","±0.5","1.0%","±0.5","2.4%","±1.5","2.3%","±2.0","2.4%","±2.2","2.3%","±1.0","3.6%","±1.8","0.9%","±0.7","0.0%","±16.7","0.0%","±29.6","0.0%","±30.0","0.4%","±0.5","0.7%","±0.9","0.0%","±8.0","2.2%","±1.9","1.8%","±1.8","2.6%","±2.0","2.6%","±1.3","3.3%","±1.8","1.9%","±1.7","4.2%","±2.9","4.9%","±3.7","3.4%","±2.6","8.1%","±18.6","0.0%","±40.5","17.2%","±37.1","1.8%","±0.9","1.6%","±0.8","2.1%","±1.2","1.7%","±0.7","1.8%","±0.8","1.6%","±1.0","0.0%","±42.5","0.0%","±60.1","0.0%","±60.1","1.7%","±1.0","1.0%","±0.8","2.4%","±1.5","0.0%","±15.7","0.0%","±27.0","0.0%","±29.6","1.4%","±0.4","0.9%","±0.4","2.0%","±0.8","0.0%","±43.2","0.0%","±54.8","0.0%","±70.1","7.1%","±8.4","5.4%","±7.5","10.2%","±12.1","2.5%","±3.0","2.6%","±3.1","2.3%","±3.2","0.8%","±0.5","1.1%","±0.6","0.6%","±0.7","4.5%","±2.7","6.2%","±4.4","2.5%","±2.2","0.0%","±67.2","-","**","0.0%","±67.2","3.6%","±1.9","5.5%","±3.1","1.2%","±1.2","1.1%","±0.8","1.0%","±1.0","1.2%","±1.1","0.0%","±14.1","0.0%","±24.5","0.0%","±27.3","6.5%","±2.8","8.0%","±3.4","5.0%","±3.4"
"    80 to 84 years","2.4%","±1.9","1.2%","±1.5","4.0%","±3.0","0.4%","±0.4","0.4%","±0.5","0.4%","±0.7","2.0%","±1.6","1.5%","±1.4","2.7%","±3.0","2.0%","±2.3","2.4%","±3.5","1.4%","±2.1","2.6%","±1.8","2.7%","±2.5","2.4%","±2.5","0.5%","±0.5","0.3%","±0.5","0.7%","±1.0","0.0%","±60.1","0.0%","±82.3","0.0%","±87.9","1.0%","±1.2","0.0%","±16.7","2.0%","±2.6","0.6%","±0.5","0.0%","±4.5","1.1%","±1.0","1.6%","±0.9","0.5%","±0.7","2.7%","±1.6","0.9%","±1.3","0.0%","±15.3","2.2%","±3.1","0.3%","±0.4","0.5%","±0.7","0.0%","±6.1","0.3%","±0.9","0.0%","±11.8","0.7%","±1.8","0.0%","±24.8","0.0%","±37.2","0.0%","±42.5","0.0%","±1.7","0.0%","±3.0","0.0%","±3.7","0.0%","±12.2","0.0%","±20.6","0.0%","±25.1","1.2%","±1.6","0.7%","±1.2","1.8%","±3.0","2.2%","±2.1","0.0%","±12.6","6.3%","±5.9","0.2%","±0.3","0.0%","±2.2","0.5%","±0.7","1.2%","±1.5","0.0%","±17.9","2.9%","±3.5","1.2%","±1.4","0.4%","±0.9","2.3%","±2.9","1.8%","±2.1","0.0%","±18.5","4.4%","±5.2","0.0%","±12.6","0.0%","±19.6","0.0%","±28.8","0.2%","±0.4","0.4%","±0.7","0.0%","±9.0","0.9%","±1.3","0.0%","±11.5","1.8%","±2.5","3.5%","±5.7","2.2%","±7.2","5.0%","±6.5","0.8%","±1.1","0.6%","±1.1","1.0%","±1.6","0.0%","±52.0","0.0%","±64.5","0.0%","±87.9","0.0%","±8.7","0.0%","±15.8","0.0%","±17.6","0.7%","±0.3","0.6%","±0.4","0.9%","±0.3","0.5%","±0.9","0.8%","±1.5","0.0%","±11.4","0.2%","±0.3","0.3%","±0.5","0.0%","±1.8","0.0%","±16.7","0.0%","±29.6","0.0%","±30.0","1.7%","±2.4","3.1%","±4.4","0.0%","±8.0","1.2%","±1.2","1.8%","±2.1","0.5%","±0.5","1.3%","±1.4","1.0%","±1.5","1.7%","±1.7","0.0%","±3.3","0.0%","±5.9","0.0%","±7.2","6.5%","±9.9","0.0%","±40.5","13.8%","±19.0","1.4%","±0.8","0.7%","±0.4","2.2%","±1.6","1.5%","±0.7","1.3%","±0.6","1.8%","±1.2","0.0%","±42.5","0.0%","±60.1","0.0%","±60.1","0.4%","±0.4","0.2%","±0.5","0.6%","±0.6","0.0%","±15.7","0.0%","±27.0","0.0%","±29.6","1.4%","±0.4","1.3%","±0.7","1.5%","±0.5","0.0%","±43.2","0.0%","±54.8","0.0%","±70.1","0.0%","±13.2","0.0%","±19.4","0.0%","±32.2","0.0%","±3.3","0.0%","±5.6","0.0%","±7.5","0.3%","±0.3","0.3%","±0.4","0.3%","±0.4","2.0%","±1.9","0.5%","±1.8","3.7%","±4.0","58.3%","±58.3","-","**","58.3%","±58.3","1.0%","±1.0","1.5%","±1.4","0.3%","±1.0","1.2%","±0.8","0.5%","±0.6","2.0%","±1.2","0.0%","±14.1","0.0%","±24.5","0.0%","±27.3","2.5%","±1.0","3.2%","±2.0","1.7%","±1.3"
"    85 years and over","0.7%","±0.6","1.2%","±1.2","0.0%","±9.5","0.6%","±0.5","0.4%","±0.4","0.9%","±0.7","0.7%","±0.8","1.2%","±1.5","0.0%","±7.5","1.6%","±1.6","3.0%","±3.0","0.0%","±13.4","1.8%","±1.3","2.0%","±1.8","1.6%","±1.9","1.0%","±0.9","0.3%","±0.7","1.7%","±1.8","0.0%","±60.1","0.0%","±82.3","0.0%","±87.9","0.0%","±9.2","0.0%","±16.7","0.0%","±18.2","0.0%","±2.3","0.0%","±4.5","0.0%","±4.5","0.8%","±0.6","0.3%","±0.7","1.3%","±1.1","0.0%","±9.0","0.0%","±15.3","0.0%","±19.4","0.6%","±0.5","1.0%","±0.9","0.0%","±6.1","0.3%","±0.8","0.0%","±11.8","0.7%","±1.7","5.8%","±9.6","0.0%","±37.2","13.3%","±21.5","0.0%","±1.7","0.0%","±3.0","0.0%","±3.7","0.0%","±12.2","0.0%","±20.6","0.0%","±25.1","0.4%","±0.9","0.0%","±13.6","0.9%","±2.1","0.0%","±8.4","0.0%","±12.6","0.0%","±22.1","0.6%","±0.6","0.7%","±0.9","0.5%","±0.7","0.0%","±11.0","0.0%","±17.9","0.0%","±24.5","0.0%","±4.1","0.0%","±7.3","0.0%","±8.7","0.6%","±1.7","0.0%","±18.5","1.5%","±4.0","0.0%","±12.6","0.0%","±19.6","0.0%","±28.8","0.2%","±0.4","0.4%","±0.7","0.0%","±9.0","1.5%","±1.4","0.0%","±11.5","3.0%","±2.7","0.0%","±20.8","0.0%","±34.1","0.0%","±36.7","0.0%","±5.2","0.0%","±10.5","0.0%","±9.9","0.0%","±52.0","0.0%","±64.5","0.0%","±87.9","0.5%","±0.8","0.9%","±1.5","0.0%","±17.6","1.2%","±0.3","0.3%","±0.3","2.2%","±0.5","0.2%","±0.4","0.4%","±0.7","0.0%","±11.4","1.6%","±1.0","1.6%","±1.4","1.7%","±1.4","0.0%","±16.7","0.0%","±29.6","0.0%","±30.0","0.0%","±3.7","0.0%","±6.7","0.0%","±8.0","0.5%","±0.5","0.1%","±0.2","0.9%","±1.1","0.7%","±0.6","0.3%","±0.4","1.2%","±1.1","0.3%","±0.5","0.0%","±5.9","0.8%","±1.2","0.0%","±27.0","0.0%","±40.5","0.0%","±43.2","0.9%","±0.4","0.7%","±0.5","1.1%","±0.5","1.6%","±0.7","0.6%","±0.4","2.6%","±1.3","0.0%","±42.5","0.0%","±60.1","0.0%","±60.1","0.1%","±0.3","0.2%","±0.5","0.0%","±4.0","6.0%","±6.3","11.3%","±11.0","0.0%","±29.6","1.1%","±0.4","1.1%","±0.6","1.1%","±0.4","0.0%","±43.2","0.0%","±54.8","0.0%","±70.1","0.0%","±13.2","0.0%","±19.4","0.0%","±32.2","1.0%","±1.0","0.0%","±5.6","2.3%","±2.3","0.3%","±0.4","0.5%","±0.7","0.0%","±2.0","0.3%","±0.8","0.0%","±9.8","0.6%","±1.6","0.0%","±67.2","-","**","0.0%","±67.2","1.9%","±1.5","0.5%","±0.6","3.6%","±3.0","0.2%","±0.3","0.5%","±0.6","0.0%","±2.6","0.0%","±14.1","0.0%","±24.5","0.0%","±27.3","2.3%","±1.4","0.8%","±0.7","3.9%","±2.6"
"SELECTED AGE CATEGORIES","","","","","","","","","","","","","","","","","","","","","","","","","","","","","","","","","","","","","","","","","","","","","","","","","","","","","","","","","","","","","","","","","","","","","","","","","","","","","","","","","","","","","","","","","","","","","","","","","","","","","","","","","","","","","","","","","","","","","","","","","","","","","","","","","","","","","","","","","","","","","","","","","","","","","","","","","","","","","","","","","","","","","","","","","","","","","","","","","","","","","","","","","","","","","","","","","","","","","","","","","","","","","","","","","","","","","","","","","","","","","","","","","","","","","","","","","","","","","","","","","","","","","","","","","","","","","","","","","","","","","","","","","","","","","","","","","","","","","","","","","","","","","","","","","","","","","","","","","","","","","","","","","","","","","","","","","","","","","","","","","","","",""
"    5 to 14 years","17.0%","±3.5","17.5%","±4.6","16.5%","±5.4","14.9%","±1.6","13.9%","±2.2","15.9%","±2.2","19.4%","±3.3","20.2%","±4.1","18.4%","±5.0","14.4%","±6.3","10.2%","±8.9","19.4%","±8.8","9.2%","±3.5","10.2%","±4.4","8.0%","±4.7","18.9%","±3.1","16.0%","±4.2","22.2%","±4.4","0.0%","±60.1","0.0%","±82.3","0.0%","±87.9","15.4%","±4.8","20.2%","±6.8","10.1%","±5.2","19.6%","±2.6","19.3%","±3.6","20.0%","±3.3","24.9%","±3.0","20.7%","±4.5","29.2%","±4.5","15.1%","±4.1","13.3%","±5.2","17.4%","±6.8","25.9%","±3.4","27.2%","±4.9","24.4%","±4.4","21.1%","±3.8","19.5%","±5.3","22.8%","±6.8","33.3%","±11.5","35.9%","±14.6","30.0%","±10.4","0.0%","±1.7","0.0%","±3.0","0.0%","±3.7","16.2%","±9.9","7.0%","±7.9","27.9%","±15.6","16.9%","±6.4","17.5%","±10.0","16.2%","±8.3","15.9%","±6.1","16.2%","±8.2","15.2%","±7.2","15.7%","±2.9","13.6%","±3.5","17.8%","±4.2","16.4%","±6.5","15.8%","±7.3","17.1%","±8.9","18.5%","±3.4","15.6%","±4.0","21.8%","±5.5","10.9%","±4.5","15.5%","±7.5","4.4%","±5.4","18.2%","±6.9","16.5%","±8.1","21.1%","±9.0","19.4%","±4.2","15.0%","±5.1","23.9%","±5.9","21.6%","±5.8","22.6%","±9.1","20.6%","±6.6","28.2%","±10.3","31.1%","±13.0","25.0%","±15.0","15.9%","±3.8","11.1%","±5.1","20.4%","±4.9","0.0%","±52.0","0.0%","±64.5","0.0%","±87.9","12.3%","±3.5","12.9%","±6.2","11.7%","±5.5","12.3%","±0.4","12.2%","±0.3","12.4%","±0.6","9.4%","±4.4","7.3%","±5.1","12.7%","±5.8","14.2%","±3.3","14.7%","±3.8","13.6%","±4.8","17.4%","±13.6","10.9%","±12.0","24.1%","±17.2","10.2%","±4.8","7.6%","±4.5","13.3%","±8.4","13.2%","±3.7","13.3%","±4.7","13.1%","±5.6","10.3%","±3.4","7.1%","±3.2","13.2%","±5.2","12.3%","±3.5","14.7%","±4.8","9.4%","±4.7","14.5%","±15.7","15.2%","±16.5","13.8%","±19.0","9.2%","±1.8","7.7%","±1.9","10.9%","±2.5","12.8%","±0.3","13.1%","±0.5","12.5%","±0.4","20.0%","±13.2","26.7%","±23.9","13.3%","±14.5","8.4%","±3.1","4.9%","±2.5","12.0%","±5.8","4.3%","±6.1","0.0%","±27.0","9.1%","±12.7","12.9%","±0.3","12.9%","±0.6","12.9%","±0.3","0.0%","±43.2","0.0%","±54.8","0.0%","±70.1","7.8%","±7.6","6.5%","±9.3","10.2%","±13.0","11.8%","±4.0","15.9%","±6.3","6.3%","±4.7","14.4%","±1.9","12.8%","±2.6","16.2%","±2.6","15.4%","±7.9","15.0%","±7.2","16.0%","±11.1","0.0%","±67.2","-","**","0.0%","±67.2","11.1%","±3.1","13.1%","±4.1","8.8%","±4.4","15.7%","±1.9","14.0%","±2.5","17.5%","±3.0","0.0%","±14.1","0.0%","±24.5","0.0%","±27.3","9.9%","±1.9","11.8%","±3.6","7.9%","±2.2"
"    15 to 17 years","7.1%","±1.9","7.5%","±2.4","6.5%","±2.9","6.1%","±1.4","5.7%","±1.4","6.6%","±2.2","5.4%","±1.4","5.8%","±2.3","4.7%","±2.2","2.3%","±2.1","3.0%","±2.7","1.4%","±2.2","4.8%","±2.8","4.1%","±3.9","5.6%","±5.3","3.8%","±1.8","3.6%","±2.4","4.0%","±3.3","0.0%","±60.1","0.0%","±82.3","0.0%","±87.9","5.8%","±2.8","0.0%","±16.7","12.1%","±5.9","5.3%","±1.4","5.0%","±1.8","5.5%","±2.2","4.5%","±1.3","5.0%","±1.7","4.0%","±1.8","4.7%","±3.2","5.0%","±4.1","4.3%","±3.9","3.6%","±1.4","3.9%","±1.8","3.2%","±1.6","4.5%","±3.1","5.0%","±3.5","4.0%","±4.8","0.0%","±24.8","0.0%","±37.2","0.0%","±42.5","4.9%","±4.7","0.9%","±1.8","9.8%","±9.2","1.3%","±2.1","2.3%","±3.8","0.0%","±25.1","5.2%","±3.0","1.5%","±2.3","9.9%","±5.9","5.3%","±3.2","4.7%","±4.1","6.3%","±5.5","3.9%","±2.3","4.0%","±3.5","3.9%","±2.9","8.8%","±4.6","13.9%","±5.9","1.4%","±5.1","2.3%","±1.6","1.5%","±1.4","3.2%","±2.6","1.8%","±1.8","1.0%","±2.4","2.9%","±4.2","2.7%","±2.2","2.2%","±3.3","3.5%","±5.5","4.3%","±2.1","5.8%","±3.0","2.8%","±2.2","3.3%","±2.8","4.3%","±4.4","2.4%","±2.4","4.7%","±5.2","0.0%","±34.1","10.0%","±10.6","4.6%","±2.5","7.2%","±4.6","2.1%","±1.6","0.0%","±52.0","0.0%","±64.5","0.0%","±87.9","6.4%","±4.8","8.6%","±7.0","3.9%","±4.3","4.3%","±0.3","4.6%","±0.5","4.0%","±0.5","4.0%","±2.5","5.0%","±4.0","2.4%","±2.4","1.6%","±0.9","2.5%","±1.6","0.6%","±0.7","0.0%","±16.7","0.0%","±29.6","0.0%","±30.0","0.0%","±3.7","0.0%","±6.7","0.0%","±8.0","3.5%","±1.6","3.1%","±2.1","4.0%","±3.1","3.8%","±1.7","3.8%","±2.1","3.8%","±2.2","2.5%","±1.6","1.8%","±2.1","3.4%","±2.6","0.0%","±27.0","0.0%","±40.5","0.0%","±43.2","3.9%","±1.2","4.0%","±1.8","3.8%","±1.6","3.7%","±0.2","3.7%","±0.4","3.6%","±0.5","10.0%","±9.9","0.0%","±60.1","20.0%","±15.2","1.6%","±1.0","0.2%","±0.5","3.1%","±1.9","5.1%","±7.3","9.7%","±12.8","0.0%","±29.6","4.0%","±0.1","4.2%","±0.3","3.8%","±0.3","0.0%","±43.2","0.0%","±54.8","0.0%","±70.1","0.0%","±13.2","0.0%","±19.4","0.0%","±32.2","5.5%","±2.6","5.8%","±3.2","5.1%","±4.4","5.2%","±0.9","5.3%","±1.5","5.1%","±1.3","6.2%","±2.9","9.8%","±4.4","1.8%","±3.3","0.0%","±67.2","-","**","0.0%","±67.2","3.3%","±1.1","2.5%","±2.0","4.2%","±2.3","3.9%","±1.0","3.2%","±1.2","4.7%","±1.6","0.0%","±14.1","0.0%","±24.5","0.0%","±27.3","4.0%","±1.4","3.9%","±2.1","4.0%","±1.6"
"    18 to 24 years","12.2%","±3.2","11.9%","±4.8","12.5%","±3.5","9.1%","±1.5","9.0%","±2.0","9.2%","±2.0","15.2%","±2.9","12.6%","±3.6","18.8%","±3.8","13.8%","±6.4","14.5%","±10.6","12.9%","±7.7","13.2%","±4.0","17.0%","±6.2","8.8%","±3.8","11.9%","±3.0","16.6%","±4.6","6.7%","±3.0","0.0%","±60.1","0.0%","±82.3","0.0%","±87.9","8.7%","±3.8","8.3%","±5.8","9.1%","±6.6","15.4%","±2.5","12.8%","±2.7","17.9%","±3.5","11.9%","±2.6","13.1%","±3.9","10.7%","±2.9","12.3%","±5.4","15.0%","±7.4","8.7%","±5.7","11.0%","±2.9","13.1%","±3.4","8.5%","±4.1","10.7%","±3.3","10.7%","±4.6","10.7%","±4.6","4.3%","±5.9","0.0%","±37.2","10.0%","±12.4","71.5%","±13.7","79.7%","±9.6","61.5%","±19.8","14.9%","±12.3","9.3%","±9.9","22.1%","±19.1","8.5%","±5.2","10.2%","±6.7","6.3%","±5.9","20.3%","±9.9","19.6%","±13.6","21.5%","±14.8","9.6%","±2.3","9.3%","±3.7","10.0%","±3.3","8.2%","±5.9","10.9%","±8.1","4.3%","±4.9","13.1%","±3.0","15.3%","±4.0","10.5%","±3.7","17.0%","±6.9","10.3%","±6.0","26.5%","±13.3","10.1%","±4.9","13.2%","±9.0","5.3%","±10.1","16.4%","±4.0","16.4%","±4.7","16.4%","±5.1","11.9%","±5.3","9.8%","±5.3","13.9%","±6.7","2.4%","±3.9","2.2%","±5.5","2.5%","±5.0","19.1%","±5.7","20.0%","±8.3","18.3%","±5.8","0.0%","±52.0","0.0%","±64.5","0.0%","±87.9","11.0%","±4.6","9.5%","±5.6","12.6%","±6.3","9.2%","±0.3","9.0%","±0.5","9.4%","±0.5","9.6%","±3.7","7.7%","±4.5","12.7%","±6.0","7.4%","±2.2","7.6%","±3.2","7.1%","±2.7","0.0%","±16.7","0.0%","±29.6","0.0%","±30.0","4.3%","±3.4","3.5%","±3.8","5.4%","±4.7","7.1%","±3.1","8.9%","±5.0","4.9%","±2.8","6.8%","±2.4","8.4%","±3.7","5.4%","±2.8","7.6%","±3.3","8.9%","±4.5","6.0%","±3.8","4.8%","±5.8","9.1%","±10.9","0.0%","±43.2","9.2%","±2.7","9.8%","±3.7","8.5%","±3.0","8.1%","±0.6","7.9%","±0.8","8.3%","±1.1","6.7%","±8.4","13.3%","±17.0","0.0%","±60.1","7.0%","±4.3","7.1%","±6.4","6.9%","±5.9","2.6%","±4.8","0.0%","±27.0","5.5%","±9.8","9.1%","±0.4","10.2%","±0.7","7.8%","±0.3","17.2%","±23.9","27.8%","±35.2","0.0%","±70.1","1.4%","±2.1","2.2%","±3.2","0.0%","±32.2","5.0%","±2.7","5.2%","±3.1","4.7%","±4.1","8.8%","±2.0","11.2%","±3.4","5.9%","±1.9","9.0%","±4.2","5.2%","±4.1","13.5%","±7.3","0.0%","±67.2","-","**","0.0%","±67.2","8.0%","±2.7","4.8%","±3.3","11.8%","±4.9","8.3%","±1.7","8.2%","±2.8","8.3%","±1.9","0.0%","±14.1","0.0%","±24.5","0.0%","±27.3","4.4%","±1.6","4.5%","±2.9","4.3%","±1.7"
"    15 to 44 years","41.4%","±4.5","41.3%","±6.0","41.5%","±5.7","44.2%","±2.3","43.7%","±3.6","44.7%","±2.5","41.5%","±4.0","40.6%","±5.3","42.6%","±5.4","42.6%","±8.7","45.2%","±11.6","39.6%","±15.8","43.8%","±5.1","45.6%","±7.0","41.6%","±6.9","38.2%","±4.2","45.6%","±7.4","30.0%","±5.0","0.0%","±60.1","0.0%","±82.3","0.0%","±87.9","39.4%","±6.4","27.5%","±12.0","52.5%","±10.5","43.6%","±2.7","39.0%","±4.4","48.2%","±3.7","40.6%","±2.5","43.6%","±4.1","37.5%","±3.3","38.2%","±5.2","36.7%","±8.5","40.2%","±8.1","36.9%","±3.0","37.3%","±3.7","36.4%","±5.4","39.3%","±4.3","39.0%","±5.8","39.6%","±6.4","23.2%","±8.1","23.1%","±11.6","23.3%","±11.0","91.7%","±6.7","96.6%","±5.4","85.7%","±14.5","44.8%","±10.1","54.7%","±10.9","32.4%","±17.3","32.3%","±6.2","26.3%","±7.8","39.6%","±10.5","58.1%","±9.1","60.8%","±12.8","53.2%","±13.2","33.2%","±4.6","34.7%","±6.3","31.8%","±4.9","43.9%","±9.6","48.5%","±12.2","37.1%","±12.2","39.6%","±3.7","46.9%","±6.1","30.9%","±6.0","40.6%","±6.1","36.1%","±9.2","47.1%","±11.6","29.7%","±9.3","30.8%","±8.7","28.1%","±16.3","41.9%","±4.4","41.6%","±5.2","42.3%","±8.0","37.4%","±5.3","34.8%","±8.1","40.0%","±7.8","36.5%","±8.8","37.8%","±13.7","35.0%","±16.2","42.6%","±6.6","50.6%","±8.1","35.1%","±7.5","15.0%","±24.8","0.0%","±64.5","42.9%","±57.1","44.3%","±5.5","53.4%","±8.5","34.0%","±8.0","41.4%","±0.5","41.5%","±0.7","41.2%","±0.6","37.6%","±8.3","37.3%","±13.5","38.2%","±7.9","42.3%","±3.2","42.5%","±4.2","42.0%","±4.7","17.4%","±11.7","12.7%","±12.4","22.2%","±12.7","25.7%","±7.1","19.4%","±7.2","33.2%","±10.8","38.5%","±5.1","37.4%","±5.8","39.9%","±7.3","32.3%","±3.8","33.2%","±5.7","31.4%","±4.4","39.9%","±4.5","41.1%","±5.7","38.3%","±6.4","25.8%","±15.0","33.3%","±14.4","17.2%","±19.9","38.9%","±4.0","41.4%","±5.6","36.3%","±4.1","39.7%","±0.7","40.1%","±1.2","39.2%","±0.8","50.0%","±14.5","40.0%","±17.0","60.0%","±23.9","36.0%","±7.6","35.2%","±8.6","36.9%","±9.2","25.6%","±15.0","25.8%","±15.9","25.5%","±21.2","38.7%","±0.7","39.5%","±1.2","37.7%","±0.7","17.2%","±23.9","27.8%","±35.2","0.0%","±70.1","17.0%","±11.4","17.4%","±12.1","16.3%","±14.6","34.8%","±6.9","32.6%","±8.4","37.9%","±8.6","38.7%","±2.4","37.8%","±3.4","39.7%","±3.2","35.7%","±5.9","38.9%","±8.1","31.9%","±7.4","0.0%","±67.2","-","**","0.0%","±67.2","33.0%","±4.1","32.7%","±5.4","33.3%","±6.4","34.8%","±2.5","34.2%","±3.3","35.4%","±3.3","20.6%","±25.3","18.6%","±22.9","23.0%","±29.4","22.3%","±3.4","23.8%","±4.8","20.8%","±3.8"
"    16 years and over","69.0%","±3.9","67.1%","±5.2","71.5%","±5.2","74.4%","±2.1","75.5%","±2.9","73.1%","±2.8","67.2%","±2.9","66.1%","±4.1","68.8%","±4.3","76.7%","±7.9","77.7%","±11.6","75.5%","±10.2","79.0%","±5.7","78.2%","±6.9","80.0%","±7.3","63.9%","±4.2","72.8%","±4.9","53.9%","±6.1","100.0%","±60.1","100.0%","±82.2","100.0%","±87.9","73.6%","±6.6","72.5%","±8.0","74.7%","±7.0","65.1%","±2.7","65.1%","±4.8","65.1%","±3.9","62.6%","±4.1","66.7%","±5.7","58.4%","±5.6","73.6%","±4.7","72.5%","±6.4","75.0%","±7.5","60.2%","±4.6","60.6%","±5.2","59.8%","±5.5","62.3%","±4.4","60.4%","±7.0","64.4%","±6.2","44.9%","±20.6","46.2%","±21.2","43.3%","±22.7","100.0%","±1.7","100.0%","±3.0","100.0%","±3.7","78.6%","±11.4","84.9%","±11.6","70.6%","±16.3","75.8%","±8.3","75.2%","±12.6","76.6%","±9.9","77.1%","±6.4","77.0%","±9.0","77.2%","±9.3","74.9%","±4.3","78.8%","±5.3","71.0%","±5.4","72.5%","±7.6","74.3%","±11.1","70.0%","±8.6","69.5%","±4.9","76.3%","±5.4","61.4%","±6.8","71.5%","±6.2","68.0%","±8.2","76.5%","±8.9","69.6%","±7.7","70.3%","±9.3","68.4%","±11.2","60.4%","±4.5","61.1%","±6.3","59.6%","±5.4","64.4%","±5.1","63.4%","±8.4","65.5%","±6.3","60.0%","±11.1","53.3%","±15.0","67.5%","±13.7","71.2%","±4.9","79.4%","±7.1","63.4%","±6.5","100.0%","±52.0","100.0%","±64.5","100.0%","±87.9","69.9%","±5.1","72.4%","±7.3","67.0%","±8.7","80.4%","±0.5","80.1%","±0.6","80.7%","±0.7","82.4%","±7.1","84.2%","±9.5","79.4%","±6.8","78.0%","±3.7","76.2%","±4.7","79.8%","±4.8","68.8%","±19.8","61.8%","±23.6","75.9%","±17.2","89.8%","±4.8","92.4%","±4.5","86.7%","±8.4","82.9%","±3.6","82.3%","±4.8","83.6%","±5.7","80.2%","±4.9","87.1%","±4.5","73.8%","±6.5","76.7%","±5.5","77.3%","±6.3","75.9%","±7.3","85.5%","±15.7","84.8%","±16.5","86.2%","±19.0","82.3%","±2.7","84.4%","±3.0","80.0%","±3.5","79.8%","±0.4","79.0%","±1.1","80.5%","±1.1","70.0%","±12.8","73.3%","±23.9","66.7%","±25.1","81.4%","±4.8","85.6%","±4.9","77.1%","±7.7","90.6%","±8.9","90.3%","±12.8","90.9%","±12.7","79.1%","±0.3","79.2%","±0.6","79.1%","±0.6","100.0%","±43.2","100.0%","±54.8","100.0%","±70.1","92.2%","±7.6","93.5%","±9.3","89.8%","±13.0","79.4%","±5.9","72.9%","±8.3","88.3%","±6.8","78.0%","±2.3","80.7%","±3.2","74.8%","±2.8","79.2%","±6.6","76.7%","±7.0","82.2%","±9.3","100.0%","±67.2","-","**","100.0%","±67.2","80.2%","±4.2","78.6%","±5.5","82.1%","±5.1","73.2%","±2.7","74.0%","±3.4","72.2%","±3.8","100.0%","±14.1","100.0%","±24.5","100.0%","±27.3","86.4%","±2.4","85.4%","±4.0","87.3%","±2.6"
"    18 years and over","64.4%","±4.2","62.3%","±5.4","67.0%","±5.4","69.6%","±1.9","71.2%","±2.9","68.0%","±2.8","63.5%","±2.9","62.3%","±4.3","65.2%","±3.8","75.1%","±7.7","75.9%","±11.1","74.1%","±10.5","75.7%","±6.9","76.9%","±7.2","74.4%","±10.4","61.8%","±4.4","71.0%","±4.8","51.5%","±6.6","100.0%","±60.1","100.0%","±82.2","100.0%","±87.9","68.8%","±6.5","72.5%","±8.0","64.6%","±7.6","61.4%","±2.6","62.2%","±4.4","60.6%","±3.8","59.5%","±4.2","62.5%","±5.8","56.6%","±5.3","70.3%","±5.1","70.0%","±6.6","70.7%","±8.5","57.4%","±4.8","57.4%","±5.2","57.3%","±6.1","59.1%","±4.3","57.2%","±6.4","61.1%","±7.2","44.9%","±20.6","46.2%","±21.2","43.3%","±22.7","95.1%","±4.7","99.1%","±1.8","90.2%","±9.2","78.6%","±11.4","84.9%","±11.6","70.6%","±16.3","72.2%","±8.0","73.7%","±12.4","70.3%","±10.6","73.6%","±7.5","73.0%","±10.0","74.7%","±9.9","73.2%","±4.7","77.8%","±5.5","68.4%","±6.0","66.1%","±9.4","64.4%","±11.4","68.6%","±10.5","68.3%","±5.3","74.8%","±5.6","60.5%","±7.0","70.3%","±6.2","68.0%","±8.2","73.5%","±7.8","66.9%","±7.7","68.1%","±9.2","64.9%","±13.9","57.9%","±4.4","57.5%","±6.3","58.2%","±5.2","62.9%","±5.8","60.4%","±8.9","65.5%","±6.3","55.3%","±12.0","53.3%","±15.0","57.5%","±18.0","67.4%","±5.0","73.3%","±7.4","61.8%","±7.1","100.0%","±52.0","100.0%","±64.5","100.0%","±87.9","65.3%","±7.1","67.2%","±10.5","63.1%","±9.5","77.3%","±0.3","77.1%","±0.5","77.5%","±0.6","80.2%","±7.6","81.5%","±10.3","78.2%","±6.9","76.7%","±3.7","74.0%","±4.5","79.6%","±4.8","68.8%","±19.8","61.8%","±23.6","75.9%","±17.2","89.8%","±4.8","92.4%","±4.5","86.7%","±8.4","80.7%","±4.1","80.1%","±4.9","81.3%","±5.7","77.4%","±5.2","84.1%","±4.5","71.2%","±7.2","74.8%","±5.8","75.5%","±6.8","74.1%","±7.4","85.5%","±15.7","84.8%","±16.5","86.2%","±19.0","79.8%","±2.7","80.9%","±3.3","78.6%","±3.6","77.0%","±0.2","76.2%","±0.9","77.9%","±1.1","70.0%","±12.8","73.3%","±23.9","66.7%","±25.1","80.4%","±4.8","85.4%","±4.9","75.3%","±7.7","90.6%","±8.9","90.3%","±12.8","90.9%","±12.7","76.7%","±0.2","76.9%","±0.5","76.6%","±0.5","100.0%","±43.2","100.0%","±54.8","100.0%","±70.1","92.2%","±7.6","93.5%","±9.3","89.8%","±13.0","76.6%","±5.9","71.8%","±8.2","83.2%","±7.4","74.8%","±2.5","78.1%","±3.3","70.9%","±2.8","76.1%","±5.7","72.5%","±7.2","80.4%","±9.1","100.0%","±67.2","-","**","100.0%","±67.2","77.7%","±4.2","77.1%","±5.5","78.5%","±5.4","70.3%","±2.6","71.6%","±3.7","68.8%","±3.4","100.0%","±14.1","100.0%","±24.5","100.0%","±27.3","83.3%","±3.0","81.9%","±4.8","84.6%","±3.2"
"    60 years and over","11.7%","±3.6","10.7%","±3.6","13.0%","±4.9","12.9%","±2.0","13.4%","±2.4","12.2%","±2.3","10.4%","±3.0","9.4%","±3.4","11.7%","±4.2","15.4%","±5.8","19.9%","±8.7","10.1%","±6.8","17.3%","±3.8","12.2%","±5.1","23.2%","±5.6","9.7%","±2.9","10.3%","±3.8","9.1%","±3.8","13.3%","±21.4","0.0%","±82.3","28.6%","±38.6","15.4%","±5.1","21.1%","±8.3","9.1%","±5.9","11.1%","±2.2","12.6%","±3.4","9.6%","±2.4","7.3%","±1.8","6.3%","±2.8","8.3%","±3.0","14.2%","±5.3","14.2%","±5.9","14.1%","±9.2","10.3%","±3.0","11.2%","±3.1","9.2%","±3.7","8.4%","±3.6","5.0%","±3.3","12.1%","±5.6","14.5%","±16.0","15.4%","±15.4","13.3%","±21.5","1.9%","±3.0","3.4%","±5.4","0.0%","±3.7","22.1%","±11.4","25.6%","±11.4","17.6%","±15.0","20.2%","±8.4","21.2%","±11.3","18.9%","±7.8","9.3%","±3.8","6.1%","±3.8","15.2%","±7.9","17.8%","±4.8","20.1%","±6.3","15.4%","±4.7","9.4%","±4.7","7.9%","±4.9","11.4%","±6.9","11.8%","±3.4","10.3%","±3.7","13.6%","±5.4","9.7%","±4.4","12.4%","±6.8","5.9%","±6.7","10.1%","±5.6","13.2%","±7.5","5.3%","±6.0","3.4%","±1.4","4.0%","±2.9","2.8%","±2.8","11.9%","±4.1","7.9%","±3.9","15.8%","±5.9","12.9%","±8.6","8.9%","±9.3","17.5%","±13.0","10.0%","±3.9","8.9%","±5.1","11.0%","±5.7","50.0%","±50.0","46.2%","±53.8","57.1%","±57.1","13.2%","±7.1","10.3%","±10.4","16.5%","±12.0","15.7%","±0.8","14.2%","±1.0","17.3%","±0.9","19.3%","±6.8","20.8%","±10.1","17.0%","±6.8","15.6%","±2.7","14.7%","±3.6","16.6%","±3.4","25.7%","±18.8","12.7%","±18.4","38.9%","±23.5","24.8%","±8.7","28.5%","±10.4","20.3%","±10.6","21.2%","±4.4","20.1%","±5.6","22.4%","±5.6","24.4%","±4.7","29.4%","±6.3","19.9%","±4.9","14.9%","±4.9","13.2%","±5.1","16.9%","±6.4","37.1%","±21.7","36.4%","±20.4","37.9%","±34.0","20.0%","±3.6","17.8%","±3.5","22.3%","±4.7","19.1%","±1.2","19.2%","±1.6","19.0%","±1.5","16.7%","±18.3","20.0%","±24.3","13.3%","±15.8","12.4%","±5.0","14.0%","±7.6","10.8%","±3.5","32.5%","±16.6","33.9%","±19.6","30.9%","±22.2","17.9%","±1.0","17.5%","±1.3","18.3%","±1.4","82.8%","±23.9","72.2%","±35.2","100.0%","±70.1","22.7%","±14.4","23.9%","±18.0","20.4%","±17.9","19.9%","±7.0","23.9%","±9.0","14.5%","±6.9","15.2%","±2.5","17.3%","±3.0","12.7%","±2.8","14.9%","±5.2","16.1%","±7.2","13.5%","±6.8","58.3%","±58.3","-","**","58.3%","±58.3","24.6%","±5.4","23.6%","±5.6","25.8%","±6.8","15.7%","±2.5","16.0%","±3.4","15.4%","±3.3","39.7%","±23.6","50.0%","±26.3","27.9%","±28.3","35.0%","±5.9","36.8%","±8.2","33.1%","±5.3"
"    62 years and over","11.5%","±3.8","10.3%","±3.8","13.0%","±4.9","9.8%","±1.8","10.3%","±2.4","9.3%","±1.8","8.7%","±2.9","7.6%","±3.3","10.2%","±4.2","11.5%","±4.8","13.9%","±6.4","8.6%","±5.3","15.4%","±3.6","10.9%","±4.6","20.8%","±5.7","8.8%","±2.9","8.8%","±3.6","8.8%","±3.8","13.3%","±21.4","0.0%","±82.3","28.6%","±38.6","13.0%","±4.8","16.5%","±7.1","9.1%","±5.9","10.3%","±2.1","11.5%","±3.3","9.2%","±2.5","6.2%","±1.7","4.7%","±2.2","7.8%","±2.7","11.3%","±4.7","10.8%","±5.0","12.0%","±7.6","8.3%","±3.0","10.4%","±3.2","5.7%","±3.3","8.1%","±3.9","4.4%","±3.2","12.1%","±5.6","14.5%","±16.0","15.4%","±15.4","13.3%","±21.5","1.9%","±3.0","3.4%","±5.4","0.0%","±3.7","18.2%","±11.2","22.1%","±10.9","13.2%","±13.6","14.5%","±7.6","14.6%","±10.4","14.4%","±6.7","8.4%","±3.7","5.4%","±3.4","13.9%","±7.6","14.1%","±4.0","18.0%","±6.0","10.1%","±3.3","8.8%","±4.3","7.9%","±4.9","10.0%","±6.4","10.4%","±3.3","8.0%","±3.7","13.2%","±5.3","8.5%","±3.8","10.3%","±5.5","5.9%","±6.7","4.7%","±3.7","6.6%","±5.0","1.8%","±4.5","2.7%","±1.2","3.1%","±2.3","2.3%","±2.1","9.7%","±3.6","4.9%","±3.1","14.5%","±5.9","10.6%","±8.3","8.9%","±9.3","12.5%","±10.8","6.5%","±3.1","4.4%","±3.4","8.4%","±5.1","50.0%","±50.0","46.2%","±53.8","57.1%","±57.1","12.3%","±6.7","8.6%","±8.2","16.5%","±12.0","12.5%","±0.6","11.3%","±0.9","13.9%","±0.7","15.8%","±6.3","17.3%","±9.2","13.3%","±6.7","14.2%","±2.6","13.8%","±3.6","14.6%","±3.3","25.7%","±18.8","12.7%","±18.4","38.9%","±23.5","21.4%","±8.6","26.0%","±10.2","15.8%","±9.7","18.8%","±4.5","16.8%","±5.6","21.1%","±5.6","20.8%","±4.3","25.1%","±5.9","16.8%","±4.5","14.0%","±4.9","12.3%","±5.1","16.2%","±6.1","27.4%","±21.8","21.2%","±15.6","34.5%","±35.6","16.1%","±3.1","13.4%","±2.8","18.9%","±4.5","16.4%","±1.2","16.2%","±1.9","16.6%","±1.3","13.3%","±16.8","13.3%","±20.0","13.3%","±15.8","10.4%","±4.8","11.9%","±7.3","9.0%","±3.5","25.6%","±15.7","33.9%","±19.6","16.4%","±17.6","14.7%","±0.8","14.6%","±0.9","14.8%","±1.2","82.8%","±23.9","72.2%","±35.2","100.0%","±70.1","21.3%","±14.3","21.7%","±17.9","20.4%","±17.9","13.9%","±6.0","14.4%","±6.8","13.3%","±6.7","11.2%","±2.0","13.1%","±2.8","8.9%","±2.2","13.5%","±4.7","14.5%","±6.2","12.3%","±6.8","58.3%","±58.3","-","**","58.3%","±58.3","21.0%","±4.5","22.1%","±5.5","19.7%","±5.8","13.6%","±2.2","13.9%","±2.7","13.3%","±3.2","32.8%","±23.2","37.1%","±28.0","27.9%","±28.3","27.6%","±4.7","28.5%","±5.8","26.6%","±4.7"
"    65 years and over","10.0%","±3.7","9.1%","±3.9","11.0%","±4.7","7.3%","±1.3","7.1%","±1.4","7.6%","±1.4","7.5%","±2.6","6.7%","±3.2","8.6%","±3.7","11.1%","±4.6","13.3%","±6.1","8.6%","±5.3","11.4%","±3.6","7.5%","±3.5","16.0%","±5.7","5.9%","±2.2","4.5%","±2.3","7.4%","±3.6","13.3%","±21.4","0.0%","±82.3","28.6%","±38.6","8.7%","±4.2","9.2%","±4.9","8.1%","±5.3","8.6%","±2.1","9.2%","±2.7","8.0%","±2.5","5.2%","±1.5","3.4%","±2.0","7.0%","±2.8","8.0%","±4.3","6.7%","±4.9","9.8%","±6.2","5.9%","±2.9","6.8%","±3.1","4.7%","±3.2","5.8%","±2.6","4.4%","±3.2","7.4%","±4.2","11.6%","±15.3","10.3%","±13.5","13.3%","±21.5","0.0%","±1.7","0.0%","±3.0","0.0%","±3.7","13.0%","±7.6","19.8%","±10.5","4.4%","±6.7","8.5%","±4.3","6.6%","±5.8","10.8%","±5.8","5.7%","±3.1","3.4%","±2.6","10.1%","±7.5","11.1%","±3.3","14.3%","±5.3","7.8%","±2.6","7.6%","±3.9","5.9%","±3.6","10.0%","±6.4","9.3%","±3.2","7.6%","±3.4","11.4%","±5.3","7.3%","±3.6","8.2%","±4.6","5.9%","±6.7","4.1%","±3.0","5.5%","±4.1","1.8%","±4.5","1.4%","±0.9","1.8%","±1.8","0.9%","±1.6","8.8%","±3.5","4.9%","±3.1","12.7%","±6.1","10.6%","±8.3","8.9%","±9.3","12.5%","±10.8","5.9%","±2.9","4.4%","±3.4","7.3%","±4.5","30.0%","±31.2","46.2%","±53.8","0.0%","±87.9","10.5%","±6.4","6.0%","±5.6","15.5%","±11.9","9.3%","±0.2","8.3%","±0.4","10.3%","±0.3","13.6%","±6.0","14.6%","±8.5","12.1%","±6.1","9.8%","±2.4","11.0%","±3.3","8.6%","±2.7","16.5%","±17.7","12.7%","±18.4","20.4%","±20.7","11.7%","±7.0","15.3%","±8.9","7.5%","±5.6","13.5%","±3.8","13.1%","±5.2","14.1%","±4.1","15.2%","±3.8","17.7%","±5.0","12.8%","±4.0","10.5%","±4.0","9.5%","±4.8","11.7%","±5.1","25.8%","±22.3","18.2%","±14.8","34.5%","±35.6","11.4%","±2.4","10.4%","±2.5","12.5%","±3.2","12.0%","±0.4","10.9%","±0.5","13.2%","±0.5","13.3%","±16.8","13.3%","±20.0","13.3%","±15.8","7.9%","±4.5","8.9%","±7.1","6.9%","±2.8","18.8%","±10.5","33.9%","±19.6","1.8%","±4.1","10.8%","±0.5","10.2%","±0.6","11.5%","±0.7","24.1%","±22.2","0.0%","±54.8","63.6%","±52.1","14.2%","±10.5","10.9%","±10.7","20.4%","±17.9","11.9%","±5.5","11.8%","±6.1","12.1%","±6.2","8.2%","±1.7","10.0%","±2.2","6.2%","±1.7","12.9%","±4.7","14.5%","±6.2","11.0%","±6.4","58.3%","±58.3","-","**","58.3%","±58.3","15.0%","±3.5","15.1%","±4.7","14.8%","±4.9","10.1%","±2.0","10.9%","±2.2","9.2%","±2.8","17.6%","±18.6","8.6%","±12.1","27.9%","±28.3","25.1%","±4.5","25.7%","±5.6","24.4%","±4.6"
"    75 years and over","4.6%","±2.3","3.6%","±2.3","6.0%","±3.5","2.1%","±0.7","2.5%","±0.9","1.7%","±1.0","4.7%","±2.1","2.9%","±1.9","7.0%","±3.7","5.9%","±3.6","9.6%","±6.3","1.4%","±2.1","6.3%","±2.8","4.8%","±2.9","8.0%","±4.4","2.2%","±1.5","1.5%","±1.8","3.0%","±2.4","0.0%","±60.1","0.0%","±82.3","0.0%","±87.9","2.9%","±2.6","2.8%","±2.8","3.0%","±3.9","2.9%","±1.0","1.8%","±1.9","3.9%","±1.6","2.9%","±1.2","0.8%","±1.0","5.1%","±2.4","1.4%","±1.4","0.0%","±15.3","3.3%","±3.2","1.0%","±0.7","1.6%","±1.2","0.3%","±0.7","2.3%","±1.9","0.0%","±11.8","4.7%","±3.8","8.7%","±13.5","5.1%","±7.8","13.3%","±21.5","0.0%","±1.7","0.0%","±3.0","0.0%","±3.7","0.0%","±12.2","0.0%","±20.6","0.0%","±25.1","3.6%","±2.3","0.7%","±1.2","7.2%","±4.6","2.2%","±2.1","0.0%","±12.6","6.3%","±5.9","2.4%","±1.2","2.4%","±1.5","2.4%","±1.7","2.3%","±2.1","0.0%","±17.9","5.7%","±4.9","2.7%","±2.1","2.3%","±2.0","3.2%","±3.4","2.4%","±2.7","0.0%","±18.5","5.9%","±6.7","2.0%","±2.2","2.2%","±2.8","1.8%","±4.5","0.9%","±0.8","0.9%","±1.1","0.9%","±1.6","5.8%","±2.8","3.7%","±2.8","7.9%","±4.7","3.5%","±5.7","2.2%","±7.2","5.0%","±6.5","1.9%","±2.0","0.6%","±1.1","3.1%","±3.2","0.0%","±52.0","0.0%","±64.5","0.0%","±87.9","5.5%","±5.3","0.9%","±1.5","10.7%","±10.4","3.1%","±0.3","2.3%","±0.4","4.0%","±0.3","3.1%","±1.8","3.5%","±2.7","2.4%","±2.2","4.1%","±1.6","5.6%","±2.5","2.6%","±1.6","0.0%","±16.7","0.0%","±29.6","0.0%","±30.0","2.1%","±2.5","3.8%","±4.6","0.0%","±8.0","3.9%","±2.1","3.7%","±2.6","4.0%","±2.2","4.6%","±2.1","4.6%","±2.3","4.7%","±2.8","4.6%","±3.0","4.9%","±3.7","4.1%","±3.1","14.5%","±19.9","0.0%","±40.5","31.0%","±34.8","4.1%","±1.2","2.9%","±1.1","5.4%","±2.1","4.8%","±0.5","3.7%","±0.7","5.9%","±0.8","0.0%","±42.5","0.0%","±60.1","0.0%","±60.1","2.2%","±1.1","1.4%","±0.9","3.1%","±1.6","6.0%","±6.3","11.3%","±11.0","0.0%","±29.6","3.9%","±0.3","3.4%","±0.4","4.5%","±0.5","0.0%","±43.2","0.0%","±54.8","0.0%","±70.1","7.1%","±8.4","5.4%","±7.5","10.2%","±12.1","3.5%","±3.1","2.6%","±3.1","4.7%","±3.9","1.4%","±0.8","1.8%","±1.0","0.9%","±0.9","6.7%","±3.7","6.7%","±5.0","6.7%","±5.1","58.3%","±58.3","-","**","58.3%","±58.3","6.5%","±2.5","7.5%","±3.1","5.2%","±3.7","2.5%","±1.1","2.0%","±1.4","3.2%","±1.3","0.0%","±14.1","0.0%","±24.5","0.0%","±27.3","11.3%","±3.1","11.9%","±3.7","10.6%","±3.4"
"SUMMARY INDICATORS","","","","","","","","","","","","","","","","","","","","","","","","","","","","","","","","","","","","","","","","","","","","","","","","","","","","","","","","","","","","","","","","","","","","","","","","","","","","","","","","","","","","","","","","","","","","","","","","","","","","","","","","","","","","","","","","","","","","","","","","","","","","","","","","","","","","","","","","","","","","","","","","","","","","","","","","","","","","","","","","","","","","","","","","","","","","","","","","","","","","","","","","","","","","","","","","","","","","","","","","","","","","","","","","","","","","","","","","","","","","","","","","","","","","","","","","","","","","","","","","","","","","","","","","","","","","","","","","","","","","","","","","","","","","","","","","","","","","","","","","","","","","","","","","","","","","","","","","","","","","","","","","","","","","","","","","","","","","","","","","","","","",""
"    Median age (years)","27.3","±3.7","27.0","±8.2","27.3","±1.5","31.3","±1.9","32.8","±1.8","30.1","±2.2","24.4","±1.8","24.9","±2.7","23.4","±1.7","31.2","±5.2","31.5","±0.7","27.7","±8.9","31.8","±4.3","31.2","±3.9","35.2","±16.0","24.9","±3.2","28.1","±2.0","18.8","±7.2","56.3","±0.3","-","**","53.9","±8.8","29.9","±2.5","32.3","±5.6","29.3","±2.8","23.1","±1.1","24.6","±2.2","22.4","±0.9","24.1","±2.5","24.8","±2.3","22.5","±5.6","28.5","±7.1","26.7","±10.0","32.0","±6.1","22.8","±2.1","21.9","±2.2","24.3","±3.1","23.0","±3.1","21.8","±4.9","25.1","±6.0","9.8","±27.8","9.8","±39.4","10.5","±19.3","21.1","±0.7","21.1","±0.8","21.1","±0.8","33.9","±5.4","35.5","±3.9","21.9","±30.1","39.0","±11.1","41.8","±16.7","36.6","±8.2","26.2","±8.1","25.7","±8.0","34.3","±13.3","38.7","±6.0","42.2","±6.2","32.9","±8.9","31.9","±6.6","31.3","±21.7","33.5","±8.1","27.7","±4.0","29.6","±2.3","25.0","±6.2","26.8","±3.7","28.5","±2.4","24.0","±4.7","34.0","±10.5","31.8","±12.6","35.3","±16.6","21.5","±1.1","21.5","±1.8","21.6","±1.5","25.7","±6.7","25.3","±8.3","26.8","±6.0","25.6","±19.9","25.1","±16.4","35.0","±11.0","24.2","±3.0","28.0","±5.3","21.8","±2.7","56.0","±28.2","47.9","±35.3","-","**","27.4","±5.7","28.0","±6.1","27.1","±9.9","37.5","±0.8","37.8","±1.0","37.3","±0.8","39.9","±8.0","43.7","±14.2","38.5","±5.6","34.9","±2.6","34.2","±3.5","35.7","±4.0","45.2","±28.6","35.9","±35.4","53.7","±38.6","50.1","±5.7","52.5","±4.1","47.3","±6.0","43.2","±2.8","43.5","±2.4","42.0","±4.8","43.8","±8.0","49.5","±5.2","35.6","±8.3","39.9","±5.0","38.0","±5.1","40.4","±3.3","49.5","±16.6","49.3","±22.7","55.1","±28.9","41.8","±2.6","39.8","±3.5","43.0","±2.8","38.5","±0.8","37.9","±1.6","39.4","±1.2","36.3","±9.2","42.4","±5.5","31.8","±7.2","42.2","±8.1","45.3","±6.9","38.3","±7.5","54.1","±6.9","53.3","±7.4","54.7","±8.1","38.8","±0.9","38.1","±1.6","40.1","±1.7","63.7","±0.3","63.4","±0.3","-","**","53.5","±3.6","53.2","±3.2","54.3","±8.7","41.6","±7.1","41.5","±5.0","46.2","±13.4","37.5","±1.9","42.3","±4.3","35.6","±0.8","38.5","±13.4","34.8","±8.1","45.1","±7.7","-","**","-","**","-","**","41.5","±7.7","41.3","±7.5","43.0","±9.1","33.6","±4.5","36.8","±4.3","31.1","±3.3","58.9","±6.4","60.5","±6.1","58.3","±8.7","54.1","±3.1","53.9","±4.5","54.3","±2.4"
"    Sex ratio (males per 100 females)","126.0","±21.4","(X)","(X)","(X)","(X)","110.1","±8.3","(X)","(X)","(X)","(X)","133.6","±20.3","(X)","(X)","(X)","(X)","119.4","±32.2","(X)","(X)","(X)","(X)","117.6","±24.0","(X)","(X)","(X)","(X)","111.4","±18.5","(X)","(X)","(X)","(X)","114.3","±79.1","(X)","(X)","(X)","(X)","110.1","±23.8","(X)","(X)","(X)","(X)","100.0","±12.2","(X)","(X)","(X)","(X)","102.1","±11.5","(X)","(X)","(X)","(X)","130.4","±36.9","(X)","(X)","(X)","(X)","121.2","±15.2","(X)","(X)","(X)","(X)","106.7","±16.8","(X)","(X)","(X)","(X)","130.0","±58.0","(X)","(X)","(X)","(X)","121.2","±28.2","(X)","(X)","(X)","(X)","126.5","±50.0","(X)","(X)","(X)","(X)","123.4","±33.2","(X)","(X)","(X)","(X)","187.3","±86.9","(X)","(X)","(X)","(X)","104.3","±14.8","(X)","(X)","(X)","(X)","144.3","±49.1","(X)","(X)","(X)","(X)","119.1","±24.9","(X)","(X)","(X)","(X)","142.6","±34.5","(X)","(X)","(X)","(X)","159.6","±40.5","(X)","(X)","(X)","(X)","106.1","±12.9","(X)","(X)","(X)","(X)","99.4","±21.5","(X)","(X)","(X)","(X)","112.5","±46.9","(X)","(X)","(X)","(X)","94.2","±24.5","(X)","(X)","(X)","(X)","185.7","±132.7","(X)","(X)","(X)","(X)","112.6","±26.9","(X)","(X)","(X)","(X)","106.0","±1.7","(X)","(X)","(X)","(X)","157.6","±70.1","(X)","(X)","(X)","(X)","107.7","±14.0","(X)","(X)","(X)","(X)","101.9","±44.8","(X)","(X)","(X)","(X)","119.5","±26.8","(X)","(X)","(X)","(X)","120.8","±15.3","(X)","(X)","(X)","(X)","93.4","±12.9","(X)","(X)","(X)","(X)","122.6","±23.4","(X)","(X)","(X)","(X)","113.8","±77.6","(X)","(X)","(X)","(X)","107.6","±11.8","(X)","(X)","(X)","(X)","104.1","±3.3","(X)","(X)","(X)","(X)","100.0","±108.6","(X)","(X)","(X)","(X)","103.3","±16.1","(X)","(X)","(X)","(X)","112.7","±57.9","(X)","(X)","(X)","(X)","107.8","±2.4","(X)","(X)","(X)","(X)","163.6","±79.3","(X)","(X)","(X)","(X)","187.8","±79.7","(X)","(X)","(X)","(X)","135.5","±29.0","(X)","(X)","(X)","(X)","116.4","±10.1","(X)","(X)","(X)","(X)","118.4","±29.2","(X)","(X)","(X)","(X)","-","**","(X)","(X)","(X)","(X)","120.6","±22.8","(X)","(X)","(X)","(X)","113.4","±10.7","(X)","(X)","(X)","(X)","114.8","±55.5","(X)","(X)","(X)","(X)","102.1","±10.5","(X)","(X)","(X)","(X)"
"    Age dependency ratio","83.7","±16.5","(X)","(X)","(X)","(X)","60.4","±5.0","(X)","(X)","(X)","(X)","78.5","±10.5","(X)","(X)","(X)","(X)","56.4","±19.6","(X)","(X)","(X)","(X)","55.4","±17.0","(X)","(X)","(X)","(X)","78.9","±11.7","(X)","(X)","(X)","(X)","15.4","±31.8","(X)","(X)","(X)","(X)","66.4","±15.4","(X)","(X)","(X)","(X)","89.6","±10.4","(X)","(X)","(X)","(X)","83.9","±12.9","(X)","(X)","(X)","(X)","60.6","±14.7","(X)","(X)","(X)","(X)","94.2","±15.4","(X)","(X)","(X)","(X)","87.8","±16.5","(X)","(X)","(X)","(X)","200.0","±115.9","(X)","(X)","(X)","(X)","5.2","±5.2","(X)","(X)","(X)","(X)","52.5","±22.4","(X)","(X)","(X)","(X)","57.0","±17.1","(X)","(X)","(X)","(X)","47.4","±18.5","(X)","(X)","(X)","(X)","61.1","±11.0","(X)","(X)","(X)","(X)","71.0","±30.2","(X)","(X)","(X)","(X)","69.7","±13.5","(X)","(X)","(X)","(X)","58.7","±15.6","(X)","(X)","(X)","(X)","59.1","±17.9","(X)","(X)","(X)","(X)","77.0","±14.2","(X)","(X)","(X)","(X)","84.8","±22.1","(X)","(X)","(X)","(X)","123.7","±52.0","(X)","(X)","(X)","(X)","62.7","±14.3","(X)","(X)","(X)","(X)","42.9","±68.3","(X)","(X)","(X)","(X)","82.5","±23.7","(X)","(X)","(X)","(X)","47.0","±0.8","(X)","(X)","(X)","(X)","50.2","±25.1","(X)","(X)","(X)","(X)","49.6","±8.1","(X)","(X)","(X)","(X)","91.2","±67.2","(X)","(X)","(X)","(X)","28.1","±12.2","(X)","(X)","(X)","(X)","48.9","±8.3","(X)","(X)","(X)","(X)","60.7","±12.2","(X)","(X)","(X)","(X)","55.4","±12.2","(X)","(X)","(X)","(X)","67.6","±50.7","(X)","(X)","(X)","(X)","46.3","±7.6","(X)","(X)","(X)","(X)","53.9","±1.2","(X)","(X)","(X)","(X)","76.5","±46.8","(X)","(X)","(X)","(X)","38.0","±14.7","(X)","(X)","(X)","(X)","39.3","±18.6","(X)","(X)","(X)","(X)","51.7","±1.2","(X)","(X)","(X)","(X)","31.8","±40.1","(X)","(X)","(X)","(X)","28.2","±19.0","(X)","(X)","(X)","(X)","54.6","±13.6","(X)","(X)","(X)","(X)","50.2","±6.3","(X)","(X)","(X)","(X)","58.2","±13.3","(X)","(X)","(X)","(X)","140.0","±575.8","(X)","(X)","(X)","(X)","59.3","±11.8","(X)","(X)","(X)","(X)","66.2","±8.0","(X)","(X)","(X)","(X)","21.3","±29.0","(X)","(X)","(X)","(X)","71.8","±12.6","(X)","(X)","(X)","(X)"
"    Old-Age dependency ratio","18.3","±7.7","(X)","(X)","(X)","(X)","11.7","±2.2","(X)","(X)","(X)","(X)","13.4","±5.1","(X)","(X)","(X)","(X)","17.4","±8.3","(X)","(X)","(X)","(X)","17.7","±6.4","(X)","(X)","(X)","(X)","10.5","±3.9","(X)","(X)","(X)","(X)","15.4","±31.8","(X)","(X)","(X)","(X)","14.4","±7.4","(X)","(X)","(X)","(X)","16.3","±4.5","(X)","(X)","(X)","(X)","9.5","±2.7","(X)","(X)","(X)","(X)","12.9","±7.4","(X)","(X)","(X)","(X)","11.4","±5.8","(X)","(X)","(X)","(X)","11.0","±5.4","(X)","(X)","(X)","(X)","34.8","±48.6","(X)","(X)","(X)","(X)","-","**","(X)","(X)","(X)","(X)","19.8","±12.6","(X)","(X)","(X)","(X)","13.3","±7.0","(X)","(X)","(X)","(X)","8.4","±5.2","(X)","(X)","(X)","(X)","17.9","±5.7","(X)","(X)","(X)","(X)","13.0","±7.9","(X)","(X)","(X)","(X)","15.8","±5.8","(X)","(X)","(X)","(X)","11.5","±6.1","(X)","(X)","(X)","(X)","6.5","±4.8","(X)","(X)","(X)","(X)","2.4","±1.6","(X)","(X)","(X)","(X)","16.3","±7.5","(X)","(X)","(X)","(X)","23.7","±20.7","(X)","(X)","(X)","(X)","9.6","±5.1","(X)","(X)","(X)","(X)","42.9","±68.3","(X)","(X)","(X)","(X)","19.2","±13.3","(X)","(X)","(X)","(X)","13.7","±0.4","(X)","(X)","(X)","(X)","20.5","±12.0","(X)","(X)","(X)","(X)","14.7","±3.9","(X)","(X)","(X)","(X)","31.6","±40.6","(X)","(X)","(X)","(X)","15.0","±10.2","(X)","(X)","(X)","(X)","20.2","±6.2","(X)","(X)","(X)","(X)","24.4","±6.8","(X)","(X)","(X)","(X)","16.3","±6.6","(X)","(X)","(X)","(X)","43.2","±50.2","(X)","(X)","(X)","(X)","16.7","±4.2","(X)","(X)","(X)","(X)","18.5","±0.8","(X)","(X)","(X)","(X)","23.5","±34.7","(X)","(X)","(X)","(X)","10.9","±7.2","(X)","(X)","(X)","(X)","26.2","±16.9","(X)","(X)","(X)","(X)","16.4","±0.9","(X)","(X)","(X)","(X)","31.8","±40.1","(X)","(X)","(X)","(X)","18.2","±15.8","(X)","(X)","(X)","(X)","18.5","±9.4","(X)","(X)","(X)","(X)","12.4","±2.8","(X)","(X)","(X)","(X)","20.4","±8.2","(X)","(X)","(X)","(X)","140.0","±575.8","(X)","(X)","(X)","(X)","23.9","±6.6","(X)","(X)","(X)","(X)","16.8","±3.8","(X)","(X)","(X)","(X)","21.3","±29.0","(X)","(X)","(X)","(X)","43.1","±10.2","(X)","(X)","(X)","(X)"
"    Child dependency ratio","65.4","±12.3","(X)","(X)","(X)","(X)","48.7","±4.4","(X)","(X)","(X)","(X)","65.1","±8.3","(X)","(X)","(X)","(X)","39.0","±16.3","(X)","(X)","(X)","(X)","37.7","±14.9","(X)","(X)","(X)","(X)","68.4","±11.8","(X)","(X)","(X)","(X)","-","**","(X)","(X)","(X)","(X)","52.0","±15.0","(X)","(X)","(X)","(X)","73.3","±8.3","(X)","(X)","(X)","(X)","74.4","±12.8","(X)","(X)","(X)","(X)","47.7","±11.6","(X)","(X)","(X)","(X)","82.8","±14.8","(X)","(X)","(X)","(X)","76.8","±14.2","(X)","(X)","(X)","(X)","165.2","±107.0","(X)","(X)","(X)","(X)","5.2","±5.2","(X)","(X)","(X)","(X)","32.7","±20.7","(X)","(X)","(X)","(X)","43.7","±17.1","(X)","(X)","(X)","(X)","39.0","±15.5","(X)","(X)","(X)","(X)","43.2","±10.1","(X)","(X)","(X)","(X)","58.0","±27.1","(X)","(X)","(X)","(X)","53.9","±12.4","(X)","(X)","(X)","(X)","47.1","±14.0","(X)","(X)","(X)","(X)","52.7","±17.3","(X)","(X)","(X)","(X)","74.6","±14.1","(X)","(X)","(X)","(X)","68.5","±17.8","(X)","(X)","(X)","(X)","100.0","±44.6","(X)","(X)","(X)","(X)","53.1","±12.4","(X)","(X)","(X)","(X)","-","**","(X)","(X)","(X)","(X)","63.3","±19.5","(X)","(X)","(X)","(X)","33.3","±0.6","(X)","(X)","(X)","(X)","29.7","±16.1","(X)","(X)","(X)","(X)","34.9","±7.2","(X)","(X)","(X)","(X)","59.6","±54.7","(X)","(X)","(X)","(X)","13.1","±6.8","(X)","(X)","(X)","(X)","28.8","±7.1","(X)","(X)","(X)","(X)","36.3","±10.4","(X)","(X)","(X)","(X)","39.1","±11.5","(X)","(X)","(X)","(X)","24.3","±28.4","(X)","(X)","(X)","(X)","29.6","±5.3","(X)","(X)","(X)","(X)","35.4","±0.6","(X)","(X)","(X)","(X)","52.9","±29.2","(X)","(X)","(X)","(X)","27.0","±9.3","(X)","(X)","(X)","(X)","13.1","±13.3","(X)","(X)","(X)","(X)","35.3","±0.5","(X)","(X)","(X)","(X)","-","**","(X)","(X)","(X)","(X)","10.0","±10.4","(X)","(X)","(X)","(X)","36.2","±11.2","(X)","(X)","(X)","(X)","37.9","±5.0","(X)","(X)","(X)","(X)","37.8","±11.1","(X)","(X)","(X)","(X)","-","**","(X)","(X)","(X)","(X)","35.4","±8.6","(X)","(X)","(X)","(X)","49.4","±6.3","(X)","(X)","(X)","(X)","-","**","(X)","(X)","(X)","(X)","28.8","±6.1","(X)","(X)","(X)","(X)"
"PERCENT IMPUTED","","","","","","","","","","","","","","","","","","","","","","","","","","","","","","","","","","","","","","","","","","","","","","","","","","","","","","","","","","","","","","","","","","","","","","","","","","","","","","","","","","","","","","","","","","","","","","","","","","","","","","","","","","","","","","","","","","","","","","","","","","","","","","","","","","","","","","","","","","","","","","","","","","","","","","","","","","","","","","","","","","","","","","","","","","","","","","","","","","","","","","","","","","","","","","","","","","","","","","","","","","","","","","","","","","","","","","","","","","","","","","","","","","","","","","","","","","","","","","","","","","","","","","","","","","","","","","","","","","","","","","","","","","","","","","","","","","","","","","","","","","","","","","","","","","","","","","","","","","","","","","","","","","","","","","","","","","","","","","","","","","","",""
"    Sex","0.0%","(X)","(X)","(X)","(X)","(X)","0.0%","(X)","(X)","(X)","(X)","(X)","0.0%","(X)","(X)","(X)","(X)","(X)","0.0%","(X)","(X)","(X)","(X)","(X)","0.0%","(X)","(X)","(X)","(X)","(X)","0.0%","(X)","(X)","(X)","(X)","(X)","0.0%","(X)","(X)","(X)","(X)","(X)","0.0%","(X)","(X)","(X)","(X)","(X)","0.0%","(X)","(X)","(X)","(X)","(X)","0.0%","(X)","(X)","(X)","(X)","(X)","0.0%","(X)","(X)","(X)","(X)","(X)","0.0%","(X)","(X)","(X)","(X)","(X)","0.0%","(X)","(X)","(X)","(X)","(X)","0.0%","(X)","(X)","(X)","(X)","(X)","0.0%","(X)","(X)","(X)","(X)","(X)","0.0%","(X)","(X)","(X)","(X)","(X)","0.0%","(X)","(X)","(X)","(X)","(X)","0.0%","(X)","(X)","(X)","(X)","(X)","0.0%","(X)","(X)","(X)","(X)","(X)","0.0%","(X)","(X)","(X)","(X)","(X)","0.0%","(X)","(X)","(X)","(X)","(X)","0.0%","(X)","(X)","(X)","(X)","(X)","0.0%","(X)","(X)","(X)","(X)","(X)","0.0%","(X)","(X)","(X)","(X)","(X)","0.0%","(X)","(X)","(X)","(X)","(X)","0.0%","(X)","(X)","(X)","(X)","(X)","0.0%","(X)","(X)","(X)","(X)","(X)","0.0%","(X)","(X)","(X)","(X)","(X)","0.0%","(X)","(X)","(X)","(X)","(X)","0.1%","(X)","(X)","(X)","(X)","(X)","0.0%","(X)","(X)","(X)","(X)","(X)","0.0%","(X)","(X)","(X)","(X)","(X)","0.0%","(X)","(X)","(X)","(X)","(X)","0.0%","(X)","(X)","(X)","(X)","(X)","0.0%","(X)","(X)","(X)","(X)","(X)","0.0%","(X)","(X)","(X)","(X)","(X)","0.0%","(X)","(X)","(X)","(X)","(X)","0.0%","(X)","(X)","(X)","(X)","(X)","0.0%","(X)","(X)","(X)","(X)","(X)","0.0%","(X)","(X)","(X)","(X)","(X)","0.0%","(X)","(X)","(X)","(X)","(X)","0.0%","(X)","(X)","(X)","(X)","(X)","0.0%","(X)","(X)","(X)","(X)","(X)","0.1%","(X)","(X)","(X)","(X)","(X)","0.0%","(X)","(X)","(X)","(X)","(X)","0.0%","(X)","(X)","(X)","(X)","(X)","0.0%","(X)","(X)","(X)","(X)","(X)","0.0%","(X)","(X)","(X)","(X)","(X)","0.0%","(X)","(X)","(X)","(X)","(X)","0.0%","(X)","(X)","(X)","(X)","(X)","0.0%","(X)","(X)","(X)","(X)","(X)","0.0%","(X)","(X)","(X)","(X)","(X)","0.0%","(X)","(X)","(X)","(X)","(X)","0.0%","(X)","(X)","(X)","(X)","(X)"
"    Age","0.0%","(X)","(X)","(X)","(X)","(X)","0.2%","(X)","(X)","(X)","(X)","(X)","1.3%","(X)","(X)","(X)","(X)","(X)","1.6%","(X)","(X)","(X)","(X)","(X)","0.0%","(X)","(X)","(X)","(X)","(X)","0.2%","(X)","(X)","(X)","(X)","(X)","0.0%","(X)","(X)","(X)","(X)","(X)","1.9%","(X)","(X)","(X)","(X)","(X)","0.0%","(X)","(X)","(X)","(X)","(X)","2.1%","(X)","(X)","(X)","(X)","(X)","0.5%","(X)","(X)","(X)","(X)","(X)","1.3%","(X)","(X)","(X)","(X)","(X)","0.0%","(X)","(X)","(X)","(X)","(X)","0.0%","(X)","(X)","(X)","(X)","(X)","0.0%","(X)","(X)","(X)","(X)","(X)","1.3%","(X)","(X)","(X)","(X)","(X)","0.0%","(X)","(X)","(X)","(X)","(X)","1.3%","(X)","(X)","(X)","(X)","(X)","5.3%","(X)","(X)","(X)","(X)","(X)","0.0%","(X)","(X)","(X)","(X)","(X)","0.6%","(X)","(X)","(X)","(X)","(X)","1.2%","(X)","(X)","(X)","(X)","(X)","0.7%","(X)","(X)","(X)","(X)","(X)","0.0%","(X)","(X)","(X)","(X)","(X)","0.0%","(X)","(X)","(X)","(X)","(X)","1.2%","(X)","(X)","(X)","(X)","(X)","0.3%","(X)","(X)","(X)","(X)","(X)","0.0%","(X)","(X)","(X)","(X)","(X)","0.0%","(X)","(X)","(X)","(X)","(X)","1.1%","(X)","(X)","(X)","(X)","(X)","2.1%","(X)","(X)","(X)","(X)","(X)","0.9%","(X)","(X)","(X)","(X)","(X)","0.0%","(X)","(X)","(X)","(X)","(X)","2.8%","(X)","(X)","(X)","(X)","(X)","0.3%","(X)","(X)","(X)","(X)","(X)","2.0%","(X)","(X)","(X)","(X)","(X)","0.2%","(X)","(X)","(X)","(X)","(X)","9.7%","(X)","(X)","(X)","(X)","(X)","0.2%","(X)","(X)","(X)","(X)","(X)","2.0%","(X)","(X)","(X)","(X)","(X)","0.0%","(X)","(X)","(X)","(X)","(X)","1.5%","(X)","(X)","(X)","(X)","(X)","10.3%","(X)","(X)","(X)","(X)","(X)","0.9%","(X)","(X)","(X)","(X)","(X)","0.0%","(X)","(X)","(X)","(X)","(X)","0.0%","(X)","(X)","(X)","(X)","(X)","0.8%","(X)","(X)","(X)","(X)","(X)","0.7%","(X)","(X)","(X)","(X)","(X)","2.5%","(X)","(X)","(X)","(X)","(X)","0.0%","(X)","(X)","(X)","(X)","(X)","4.4%","(X)","(X)","(X)","(X)","(X)","0.0%","(X)","(X)","(X)","(X)","(X)","0.0%","(X)","(X)","(X)","(X)","(X)","1.1%","(X)","(X)","(X)","(X)","(X)"